,kNN,kNN.1,kNN.2,kNN.3,kNN.4,kNN.5,CART,CART.1,CART.2,CART.3,GB,GB.1,GB.2,lSVM,lSVM.1,lSVM.2,lSVM.3,lSVM.4,kSVM,kSVM.1,kSVM.2,kSVM.3,kSVM.4,Logit,Logit.1,Logit.2,Logit.3,Logit.4,Perceptron,Adaboost,Adaboost.1,Adaboost.2,Adaboost.3,GNB,RF,RF.1,RF.2,RF.3,RF.4
3,0.138558736,0.060479316,0.048876566,0.050758953,0.061544266,0.063793578,0.011554673,0.004462353,0.003410388,0.004650498,0.021102523,0.09225104,0.098838862,0.036188596,0.033290005,0.031479494,0.032493518,0.027653484,0.079023025,0.073538194,0.059490786,0.059304978,0.055279226,0.046529885,0.045724454,0.042302086,0.040681936,0.036941842,0.08329904,0.035039394,0.124608382,0.030037345,0.160431389,0.394044155,0.055392527,0.020799141,0.008887232,0.008229975,0.008314003
6,0.023817711,0.025262809,0.027432366,0.028401957,0.029348426,0.031698321,0.152107986,0.076611354,0.060596401,0.060949418,0.041301608,0.141781287,0.1867445,0.155927781,0.15596505,0.155804799,0.155867577,0.155962501,0.050745843,0.036622131,0.030081584,0.026474892,0.020537512,0.146342121,0.145638697,0.144852387,0.145095876,0.145103124,0.250551208,0.372396253,0.432760304,0.37281865,0.424136433,0.18601263,0.215845633,0.08929268,0.027793598,0.018607164,0.017984777
12,0.019438167,0.017475324,0.018712533,0.018557586,0.01923686,0.019295903,0.07138316,0.060654167,0.065231807,0.059455505,0.023613962,0.041878422,0.060461186,0.009305551,0.010881485,0.010933573,0.011414964,0.010998879,0.016541097,0.01650692,0.012675042,0.013875796,0.013295936,0.011643856,0.010500749,0.011996939,0.010810179,0.010014133,0.037479993,0.365943816,0.178887213,0.341544817,0.109800575,0.04130285,0.0480019,0.02090476,0.017394494,0.01859831,0.017301237
14,0.11945294,0.107890361,0.109127605,0.106101989,0.10431993,0.111964204,0.14972439,0.150590735,0.148209025,0.143513299,0.094415871,0.122016482,0.14890251,0.101310124,0.103261683,0.101952636,0.107666863,0.107861388,0.109174772,0.099743662,0.096012424,0.098205172,0.090944374,0.101335217,0.101217828,0.102924749,0.105999223,0.101194806,0.131158861,0.303598041,0.281997217,0.289499783,0.233363623,0.128678639,0.120965468,0.097082678,0.093558257,0.094552187,0.093704229
16,0.021609781,0.02246481,0.024127274,0.026282318,0.02710422,0.029764712,0.105483538,0.103624783,0.103258076,0.104629772,0.035094503,0.068716561,0.118477621,0.027729,0.031345574,0.032016033,0.031513602,0.035528714,0.01850149,0.016016286,0.013687932,0.012227975,0.011846297,0.028528182,0.027905136,0.027450178,0.026228488,0.026157828,0.040554566,0.36709066,0.279195719,0.366070403,0.214618001,0.036732532,0.056784354,0.024582151,0.020611444,0.021490194,0.020480253
18,0.186304856,0.170783289,0.158396584,0.153494395,0.153208815,0.154869759,0.181673401,0.195502693,0.195524979,0.195696995,0.166243463,0.144345822,0.158758008,0.148401382,0.147228127,0.148404432,0.145842622,0.14505031,0.167172557,0.162386031,0.157542255,0.156336954,0.150316725,0.157049359,0.150870479,0.147863218,0.148608517,0.145807753,0.213189571,0.42335328,0.365586707,0.400589331,0.332683678,0.220586558,0.171993734,0.158937843,0.161164693,0.165579561,0.161985438
21,0.226527755,0.239461892,0.181042322,0.107483602,0.10776508,0.141901858,0.076960813,0.020112947,0.02722089,0.02638743,0.017540818,0.299978847,0.5,0.376492192,0.358104215,0.352470348,0.340989499,0.32063486,0.176526864,0.09794331,0.069835941,0.043359988,0.028502866,0.398738861,0.386712635,0.381520461,0.380116324,0.359272167,0.341740052,0.146653841,0.267859601,0.149978756,0.277315362,0.287621594,0.315981841,0.082462465,0.024828625,0.030178811,0.025380325
22,0.118812822,0.1155525,0.108910101,0.107321305,0.10850109,0.10842377,0.186205486,0.185005421,0.183911435,0.184361955,0.120186107,0.156836015,0.185196618,0.096149403,0.096926101,0.09434936,0.093486994,0.091752671,0.096291549,0.093885758,0.093147775,0.092560965,0.095002815,0.103638722,0.101193496,0.100866116,0.101801916,0.096187507,0.123152921,0.306792325,0.295883357,0.293710578,0.242443234,0.147731099,0.171448435,0.133526601,0.125382072,0.123155856,0.125484836
23,0.426185929,0.416185977,0.39415832,0.392275096,0.384698281,0.383108323,0.381280281,0.395249916,0.410188845,0.401134022,0.339416153,0.352824569,0.478158938,0.395313737,0.393707621,0.396639731,0.391199994,0.396094544,0.358588659,0.356250415,0.354246267,0.35426502,0.348665315,0.389813167,0.392009065,0.39225237,0.394668629,0.392195453,0.440029528,0.360329352,0.402625664,0.365566322,0.406008403,0.383685501,0.363395195,0.363898388,0.382924795,0.375941609,0.37216402
24,0.000364062,0,0.000490808,0.001414111,0.001348862,0.001695443,0.002827201,0,0,0,0,0.021369026,0.059222271,0.039974373,0.038052168,0.037492581,0.041786797,0.043396467,0.001153895,0.000257732,0,0,0,0.050848992,0.045821501,0.043095142,0.039173072,0.036566279,0.084280017,0,0.3578749,0,0.384584846,0.099938371,0.012177749,0,0,0,0
26,0.081480582,0.050278892,0.040888811,0.032751814,0.027845778,0.034522435,0.060293487,0.019733402,0.01127529,0.011394973,0.027776591,0.166977012,0.171167626,0.148083319,0.14780457,0.148220348,0.147766527,0.148009905,0.06689273,0.039927683,0.02997406,0.025574426,0.020744564,0.147624879,0.147892231,0.147783561,0.147818162,0.147513767,0.206864385,0.176546533,0.157321678,0.206503317,0.156296443,0.118488698,0.158727252,0.134573433,0.026991078,0.011393212,0.014426929
28,0.011461033,0.011427874,0.011712937,0.012225832,0.01294038,0.014013365,0.077169863,0.054083147,0.052297753,0.051565444,0.012673541,0.04586371,0.084499719,0.018030901,0.018444705,0.018210592,0.018133014,0.019352749,0.013133597,0.009735814,0.008012838,0.007304986,0.006800103,0.020550159,0.020258694,0.019513991,0.018706853,0.018894332,0.03245577,0.154967735,0.278782594,0.149003116,0.228352296,0.154173098,0.062278119,0.016150565,0.010802316,0.008975246,0.008946678
30,0.098632032,0.119338287,0.121787351,0.146735103,0.134333936,0.171210464,0.109748824,0.096167535,0.1127849,0.106953846,0.094943974,0.164516334,0.49,0.203109712,0.195818873,0.212706978,0.194632746,0.19725836,0.282777349,0.251831411,0.232293912,0.211921668,0.188085116,0.217732347,0.209344259,0.19740766,0.210111067,0.200960104,0.213988809,0.258269666,0.241469809,0.226703679,0.235195934,0.181624837,0.23064617,0.151263519,0.095817819,0.079319026,0.088016017
31,0.374421939,0.3652083,0.36182481,0.358774864,0.35893065,0.368379827,0.375945601,0.374211734,0.344286197,0.365121102,0.308680035,0.451294416,0.5,0.327195657,0.333305491,0.326754922,0.328293326,0.319944201,0.427202506,0.360947015,0.349645788,0.334024237,0.329297704,0.353385106,0.341427848,0.326618241,0.329544142,0.33439546,0.388946572,0.320799718,0.461121959,0.330004715,0.382486863,0.294804652,0.416253313,0.3338933,0.339355486,0.338164311,0.322881323
32,0.003269755,0.003357478,0.003652828,0.004360393,0.004870888,0.005302846,0.04496615,0.023775184,0.019411349,0.020165704,0.005752703,0.047852193,0.074671543,0.038093654,0.038043623,0.037565608,0.037121104,0.036866038,0.00474526,0.003695116,0.003165031,0.002953496,0.002506946,0.042030367,0.039192575,0.038447235,0.038588591,0.037609562,0.056937624,0.374385354,0.295145498,0.362910967,0.243327291,0.079941395,0.091696604,0.013715348,0.005407054,0.004282902,0.004897692
36,0.019393585,0.026348429,0.031494513,0.035177857,0.037090733,0.038822594,0.029271459,0.021481528,0.019401959,0.020250294,0.010151645,0.027579002,0.037705941,0.050399626,0.049532364,0.050040072,0.049783792,0.049157855,0.047443128,0.03924509,0.034251079,0.03448279,0.028076778,0.056946091,0.05377957,0.052706769,0.053916306,0.049501357,0.070248444,0.276498187,0.13992433,0.260725687,0.096870227,0.117035494,0.050919247,0.016233974,0.012733841,0.011312436,0.013081422
38,0.194020244,0.191388402,0.202841049,0.192851018,0.217410619,0.221407903,0.105107009,0.058183953,0.05230329,0.04792767,0.064519602,0.148102289,0.5,0.222918483,0.225067891,0.231835113,0.228983659,0.225450326,0.325630824,0.263555512,0.222972979,0.211554788,0.170664338,0.265371399,0.22736484,0.2255374,0.224814689,0.227217711,0.298354362,0.117030308,0.592998135,0.112056201,0.556203546,0.370590759,0.367088049,0.112005229,0.10028804,0.088015254,0.097061167
44,0.091948813,0.096413841,0.099240807,0.102046482,0.100375745,0.100208529,0.094618923,0.084655762,0.085268358,0.089288393,0.058994352,0.101012647,0.5,0.083314087,0.084736516,0.081103583,0.080374936,0.079375137,0.088404841,0.078344029,0.076073739,0.071945627,0.0707303,0.083272336,0.08193118,0.083803159,0.082122522,0.080234233,0.11641915,0.066397664,0.652219949,0.064623959,0.685071788,0.157776591,0.08023072,0.063631287,0.050038827,0.049300776,0.049325812
46,0.156593197,0.148528117,0.135451655,0.127792222,0.124355895,0.12335421,0.051536877,0.062126083,0.064185765,0.070282332,0.029234955,0.048265855,0.471511048,0.066422117,0.0659224,0.067155653,0.064873413,0.067228113,0.071036815,0.063425135,0.061300979,0.05674963,0.055936256,0.068681632,0.068856884,0.066199227,0.069332485,0.065126391,0.089747336,0.044479438,0.562632462,0.049665951,0.579049498,0.05394898,0.073642661,0.039756075,0.034646009,0.032916177,0.037295698
57,0.217566703,0.247665898,0.249863731,0.241391455,0.247901551,0.253779273,0.043345884,0.035804808,0.035606653,0.035399289,0.038763738,0.042317827,0.3875,0.252330819,0.248733991,0.245188077,0.24421233,0.244263486,0.285576645,0.256705704,0.244727297,0.224892537,0.21750974,0.249485745,0.244342369,0.242931938,0.240936966,0.226770452,0.241213543,0.070368812,0.143511996,0.048898568,0.108747562,0.361573538,0.090494317,0.035761569,0.035265427,0.031117794,0.028744543
60,0.211203632,0.180899433,0.168025894,0.156001225,0.150257266,0.145440853,0.1854671,0.188005716,0.194537841,0.19171475,0.109585399,0.129505703,0.169238189,0.098250001,0.098321121,0.098509719,0.100120629,0.100266915,0.103059744,0.103629572,0.103010523,0.102128489,0.108630753,0.100548909,0.098553339,0.098529263,0.099837358,0.098923664,0.146990436,0.126061967,0.576951792,0.13021751,0.562399127,0.148738382,0.125082119,0.112582013,0.109159702,0.107140322,0.110084488
179,0.273390678,0.254962228,0.24989304,0.24710118,0.245910419,0.24311537,0.240881652,0.244065105,0.261492338,0.269210389,0.231613107,0.307504382,0.5,0.271439814,0.271725962,0.271150488,0.271181271,0.265070311,0.274457475,0.26130275,0.255175408,0.253686332,0.2483725,0.260761882,0.260783853,0.260783306,0.260841395,0.260691585,0.288393438,0.238700431,0.47234808,0.233879847,0.527800372,0.273268599,0.279737629,0.242854397,0.228792288,0.238094132,0.24244766
180,0.189616113,0.1987278,0.205134583,0.212851123,0.219237084,0.225742954,0.320945893,0.242358837,0.198527856,0.196028023,0.273565033,0.341459148,0.435383357,0.352417674,0.352012803,0.352247406,0.352058627,0.352196666,0.334761859,0.33130572,0.324283976,0.317056165,0.305404443,0.341338068,0.340804939,0.34060901,0.340332419,0.340656252,0.388044065,0.351731129,0.47332201,0.349169912,0.477546721,0.363428888,0.385727799,0.346974901,0.261848099,0.18650019,0.175376875
181,0.274614228,0.252609469,0.248618757,0.240115491,0.237656433,0.236595528,0.284508028,0.30955364,0.32365382,0.289471457,0.257382698,0.236375943,0.285449324,0.256614056,0.249914695,0.258461125,0.256221674,0.246303161,0.261578869,0.232718801,0.235710036,0.241949708,0.229516892,0.2615035,0.263843988,0.259821622,0.267811682,0.25273942,0.310145125,0.340023486,0.374550119,0.336392626,0.354956819,0.333809351,0.267541353,0.230848822,0.23243116,0.23952465,0.245892181
182,0.063461003,0.062971029,0.06407926,0.066013713,0.067466615,0.069312117,0.103524884,0.096340599,0.0932202,0.100285729,0.069415986,0.098748663,0.147248024,0.142718803,0.142231494,0.142515153,0.14360951,0.14273802,0.088261629,0.080471206,0.074999703,0.074493305,0.070393929,0.142340387,0.139409215,0.139446317,0.138407881,0.137729368,0.177631256,0.213194881,0.303909692,0.29279328,0.290263007,0.126667771,0.117166157,0.081795125,0.063052857,0.061968471,0.06094396
184,0.260887259,0.218453947,0.152313022,0.13406699,0.154067501,0.171367869,0.325211952,0.193154156,0.079814212,0.073995686,0.218794504,0.362346681,0.390323321,0.421620969,0.418606936,0.418693098,0.418590541,0.424151102,0.299895755,0.254725241,0.226089904,0.208496676,0.165604021,0.420335558,0.422675744,0.420612691,0.417358737,0.418671115,0.45389604,0.451379282,0.4540733,0.45411414,0.440948803,0.390896522,0.44667738,0.330039281,0.195768961,0.090830297,0.085700925
185,0.279060753,0.300611291,0.32716574,0.313903503,0.307563912,0.340860438,0.268981351,0.281064262,0.265855907,0.252154967,0.24966817,0.295690369,0.5,0.304049727,0.30571755,0.290304079,0.305673145,0.28043316,0.346922538,0.310206923,0.302895113,0.301624686,0.270872704,0.30800879,0.294778863,0.310226749,0.284694765,0.275898422,0.305997834,0.260792978,0.300810556,0.266216934,0.292016414,0.178338872,0.368346305,0.265695949,0.280623391,0.249598447,0.268196751
554,0.029315078,0.029074376,0.029168252,0.030365966,0.031403773,0.032275951,0.134186892,0.080056788,0.070472512,0.069601273,0.030228661,0.089182278,0.15042862,0.049283836,0.050056294,0.051417142,0.052114136,0.058165323,0.028387819,0.022922525,0.020599004,0.019210045,0.016443771,0.047666348,0.047343044,0.04800346,0.047496298,0.04787693,0.072146931,0.154560254,0.398302095,0.14945376,0.396012016,0.264932713,0.131031403,0.046681034,0.025136456,0.018116499,0.016665794
679,0.40151122,0.377471687,0.381043393,0.395039542,0.376786589,0.371852219,0.37578068,0.388814215,0.391075266,0.392026561,0.388524352,0.407242171,0.443313971,0.450875577,0.44515308,0.446134064,0.450895872,0.445795769,0.4179151,0.416820426,0.413185082,0.412707284,0.406374195,0.445437125,0.446916752,0.445516946,0.44375674,0.446039289,0.510543151,0.432060674,0.44325461,0.438796532,0.44053887,0.44456953,0.410172748,0.378606716,0.390332716,0.378103699,0.381864705
715,0.392363087,0.368182162,0.3682716,0.352636868,0.355476706,0.342857338,0.166617586,0.172515183,0.158726784,0.162598412,0.086962327,0.129242296,0.5,0.326164258,0.347942146,0.334419872,0.322243177,0.335840598,0.332491779,0.313496024,0.298077943,0.298466157,0.292224762,0.33615712,0.334817258,0.340514071,0.326618867,0.340381151,0.392929094,0.093984767,0.392090205,0.094742124,0.409173513,0.342213433,0.160934518,0.112020784,0.101904999,0.104013243,0.115023334
718,0.476458321,0.461012218,0.457203781,0.432420725,0.445096736,0.435768573,0.17825182,0.191901998,0.16963547,0.178668741,0.086248253,0.122537487,0.5,0.372631601,0.351475301,0.343463109,0.357739081,0.356367616,0.5,0.395524777,0.371321586,0.36954399,0.383879552,0.355187422,0.352767482,0.356879121,0.363882223,0.340006611,0.413427178,0.112761949,0.357534447,0.131577604,0.331529913,0.355498511,0.219574797,0.172229987,0.152881737,0.168059466,0.154378412
720,0.279942953,0.246304517,0.231235524,0.220505997,0.223095276,0.218178626,0.24474343,0.285751095,0.290150054,0.276814428,0.203358162,0.213063465,0.229185516,0.214495111,0.212427342,0.212726232,0.212837301,0.212630863,0.211037659,0.207401605,0.204906882,0.202044858,0.203028558,0.217763595,0.216121394,0.217252427,0.2168462,0.214531234,0.263869132,0.219868977,0.702082341,0.216720367,0.708839482,0.265986385,0.220496681,0.199269637,0.205972993,0.204604281,0.211040636
722,0.038758965,0.03743387,0.036732348,0.036675185,0.038349435,0.037864914,0.038707395,0.028102023,0.023761913,0.023448572,0.038792673,0.084610263,0.5,0.127995771,0.127708478,0.127340265,0.126811173,0.126547287,0.071080693,0.056432548,0.049158056,0.042268588,0.034989263,0.125859194,0.1254365,0.12556762,0.125386332,0.125430943,0.181709356,0.054380323,0.146408373,0.051078204,0.147478501,0.284415504,0.075966451,0.053687188,0.024361704,0.020759184,0.018676775
723,0.390467982,0.386723002,0.385757733,0.383771715,0.367648485,0.387325365,0.151257735,0.169022665,0.13834907,0.159594282,0.096397687,0.145350281,0.5,0.37973762,0.367758061,0.37040419,0.363423873,0.373342054,0.370049253,0.349087712,0.359177882,0.329555682,0.340953492,0.352828589,0.367485384,0.358206174,0.365674994,0.365971021,0.414438236,0.113081663,0.334822848,0.126341697,0.376196726,0.371208121,0.133676585,0.096603926,0.10801383,0.111796967,0.112910021
727,0.114663397,0.102592314,0.090153271,0.081438953,0.078915289,0.077828664,0.069885597,0.069531523,0.090119592,0.092608786,0.069263006,0.09546706,0.095657164,0.162737468,0.16241279,0.162472374,0.162586943,0.162566406,0.070045084,0.07083741,0.069462981,0.070088544,0.070193612,0.162298476,0.162383542,0.16238488,0.162541683,0.162516253,0.225190846,0.149116095,0.559560113,0.148990288,0.499319146,0.192986852,0.106297168,0.069909733,0.069126843,0.072720297,0.080999111
740,0.257143635,0.233398128,0.220075081,0.219110379,0.212287623,0.219693441,0.144614192,0.148365882,0.149768176,0.145185229,0.093262829,0.137906866,0.5,0.347133503,0.340624632,0.329208052,0.338752369,0.343422152,0.236487554,0.208443773,0.193233653,0.176911174,0.161571226,0.347034865,0.341154376,0.343973119,0.343384072,0.343861032,0.425147763,0.11498653,0.339567803,0.099835525,0.326839993,0.350174419,0.138739111,0.096320968,0.096527659,0.105094797,0.089344543
741,0.362077331,0.325132433,0.295392326,0.29123658,0.287831549,0.276274841,0.315716378,0.326626684,0.317640082,0.320343619,0.286304997,0.269647737,0.271011391,0.321145217,0.310134518,0.31641063,0.319538994,0.31691681,0.257652692,0.261130963,0.260478489,0.257907981,0.25676728,0.317402206,0.317689204,0.317151434,0.318262132,0.318229922,0.418346695,0.291453455,0.459369817,0.291692957,0.447543121,0.315688739,0.275708632,0.281613475,0.294597268,0.312923142,0.306920094
743,0.13013806,0.109132183,0.099569442,0.105141425,0.104914358,0.100498678,0.126614518,0.121924034,0.132107846,0.139639583,0.087662989,0.148492375,0.497772015,0.37125962,0.36807537,0.372311755,0.373832494,0.370863619,0.113231149,0.090802853,0.096602297,0.078134975,0.068623247,0.367593538,0.380769478,0.379229268,0.368240078,0.372445579,0.404371559,0.094135658,0.309526625,0.096518691,0.309076456,0.346046744,0.128447801,0.076344372,0.077281102,0.076177038,0.080351378
751,0.25448015,0.239254499,0.232871313,0.224861418,0.232471631,0.234660705,0.14475105,0.167004288,0.158639596,0.156399219,0.109059382,0.152542912,0.5,0.35258266,0.361278905,0.356651312,0.367354552,0.357434928,0.257895355,0.221419451,0.203625852,0.207575131,0.184569836,0.354701056,0.359543033,0.355526746,0.357134689,0.358241385,0.412529213,0.102281518,0.396810388,0.11291434,0.347328528,0.36110797,0.146456868,0.115796063,0.11946862,0.120638775,0.123389147
752,0.438714675,0.409091666,0.408910536,0.399595157,0.394946999,0.390877701,0.138599096,0.156098759,0.155470878,0.153670031,0.119721123,0.11710406,0.118406391,0.350455598,0.353367205,0.352604016,0.354735407,0.354525454,0.35225998,0.355774842,0.358369439,0.359614091,0.351353775,0.354090265,0.353577927,0.352691171,0.352995397,0.353221396,0.455453127,0.350968905,0.655473509,0.360588063,0.656328045,0.352841005,0.237431893,0.120329023,0.122034784,0.12037712,0.119901827
761,0.110749811,0.101646281,0.100180466,0.09870024,0.097218018,0.098943654,0.106004779,0.110905388,0.109459009,0.113386305,0.079912403,0.140458493,0.5,0.079555071,0.080285522,0.080631398,0.081686791,0.07944229,0.08243844,0.082845234,0.084169573,0.082545922,0.08311328,0.085375322,0.081180234,0.081617808,0.080178957,0.080551483,0.110066641,0.083240657,0.807449943,0.079751446,0.808395931,0.129372554,0.125287002,0.089397616,0.08141756,0.082476956,0.077115752
772,0.491902706,0.48376765,0.480600479,0.49187093,0.476033142,0.4892918,0.47909587,0.474397067,0.494659608,0.484201854,0.484639879,0.507884015,0.5,0.48747555,0.489779391,0.487970797,0.488894322,0.488148433,0.496827403,0.493879953,0.484279227,0.496053142,0.486748203,0.48833782,0.489187402,0.489917541,0.489992337,0.491260164,0.518327198,0.500581593,0.502272079,0.501755665,0.507433869,0.491623399,0.489822333,0.47413132,0.479525239,0.480939414,0.475054598
797,0.459655386,0.408632009,0.391362788,0.383064015,0.364530805,0.375744317,0.170776378,0.198720804,0.18292157,0.189488367,0.096615819,0.140806264,0.5,0.35713212,0.35229812,0.355402464,0.349359818,0.36058781,0.419691523,0.349069923,0.358296111,0.341760327,0.371486814,0.362516489,0.362225386,0.354161142,0.350749501,0.360921498,0.429555519,0.116436095,0.313330358,0.112563942,0.316138839,0.323869637,0.189560877,0.145337123,0.144748556,0.143111192,0.136149632
799,0.143825649,0.123467247,0.127384618,0.115946636,0.124767056,0.113985136,0.198587678,0.18414466,0.183097488,0.178632396,0.118860244,0.163337331,0.224723973,0.156301921,0.15484495,0.158989824,0.149316105,0.15137077,0.113977467,0.101087009,0.104720294,0.099826628,0.095333552,0.151360014,0.151309657,0.146872704,0.156900229,0.152997135,0.21569465,0.126164763,0.235291494,0.128719086,0.265045425,0.122415348,0.150112012,0.118037974,0.114710633,0.113256341,0.123634546
803,0.085300322,0.065894715,0.062433382,0.06028188,0.059826687,0.059916674,0.068356359,0.081868341,0.088802659,0.08901908,0.057859489,0.062256018,0.06276008,0.061816907,0.062253949,0.062033023,0.061769859,0.062060095,0.059350274,0.059184514,0.059385645,0.059036812,0.059049583,0.062332777,0.062632742,0.062549702,0.062543877,0.062648486,0.07910588,0.062025576,0.32841033,0.06088094,0.282419183,0.068317517,0.061600611,0.058540501,0.055391234,0.05600036,0.055767721
806,0.396390978,0.383205667,0.373478782,0.402859171,0.392036757,0.373104168,0.15872491,0.189937414,0.161755433,0.168487741,0.096044406,0.139046905,0.5,0.338484164,0.333279516,0.334027944,0.349083416,0.342325664,0.375814656,0.332998959,0.328200464,0.331526484,0.337330749,0.33313909,0.336358019,0.3353246,0.333278705,0.340926782,0.387063209,0.107720288,0.397518174,0.126089126,0.41080995,0.325799864,0.178048095,0.138145367,0.138911359,0.137886626,0.140357156
807,0.189351047,0.163698208,0.148870927,0.141321941,0.135184193,0.134083063,0.248864859,0.233218393,0.236158264,0.238698041,0.207845441,0.265055485,0.288950189,0.268909579,0.268725002,0.269260791,0.268268582,0.268034,0.13378076,0.116591777,0.111297585,0.106601694,0.097094941,0.267834687,0.268656676,0.267908023,0.267501429,0.268774783,0.348712142,0.258857428,0.698160673,0.262190418,0.698067216,0.264890624,0.256739911,0.19900715,0.160899424,0.157433151,0.154520962
813,0.117137304,0.110010592,0.102823767,0.112147642,0.101807599,0.114683749,0.132656922,0.128025142,0.132587156,0.138335989,0.101613555,0.135558188,0.5,0.35577958,0.362448053,0.350508952,0.35060028,0.352748246,0.13945786,0.119278128,0.104383593,0.104994265,0.084263174,0.357880458,0.353067424,0.349266659,0.358789212,0.352777795,0.366910006,0.126736884,0.465785791,0.114870444,0.47062942,0.360435435,0.135702937,0.106918901,0.096770923,0.104521967,0.094223171
816,0.262249514,0.224135415,0.211466358,0.205041423,0.199154187,0.197681882,0.19220524,0.236421498,0.238262459,0.238347586,0.168525703,0.180886456,0.203030059,0.174303953,0.174921857,0.175704339,0.174744017,0.174446945,0.171385453,0.171946396,0.172647083,0.168799095,0.171531838,0.173109437,0.174891081,0.173876616,0.174057184,0.173507032,0.370558555,0.232832919,0.277402772,0.232667878,0.265001447,0.173504179,0.193552262,0.172257247,0.170169972,0.170333565,0.170159163
819,0.16885036,0.144067938,0.133072286,0.127199184,0.124959981,0.123746737,0.131459032,0.16363715,0.176680372,0.176094485,0.116622735,0.126814827,0.130536182,0.119882212,0.119732578,0.119760008,0.11903718,0.118460607,0.117946935,0.116878639,0.117087032,0.116649473,0.118945563,0.119261958,0.119197002,0.11899726,0.118576494,0.119272507,0.155745113,0.118248385,0.669539455,0.119781751,0.503369238,0.124278454,0.13183497,0.118801688,0.118512042,0.121709276,0.118933356
821,0.200069828,0.177594813,0.171840953,0.171451989,0.166605442,0.167657167,0.182961001,0.19011765,0.193245967,0.197178971,0.141783026,0.24692731,0.5,0.253442542,0.251901062,0.251559426,0.249332291,0.247466824,0.165576759,0.155986206,0.151847147,0.150812749,0.145995794,0.236656735,0.236784245,0.237038321,0.23617017,0.236033425,0.305806272,0.15580843,0.716226515,0.150803239,0.670960207,0.278586356,0.221780281,0.15946198,0.137373675,0.136538745,0.138079575
822,0.182400597,0.164383488,0.162981464,0.160179944,0.160684841,0.159505864,0.156497679,0.152057229,0.158411519,0.156716473,0.131803225,0.231172124,0.5,0.162488919,0.162583833,0.162474057,0.162537642,0.16241321,0.152321173,0.148479115,0.145623672,0.145926446,0.142455601,0.162410383,0.162317288,0.162523112,0.162343252,0.162176899,0.238138052,0.155921688,0.707741385,0.140505622,0.707224516,0.277361309,0.218686227,0.157043683,0.126729752,0.123261608,0.122935309
823,0.034931422,0.033172945,0.032603968,0.033370522,0.033095571,0.033385656,0.02458525,0.022412148,0.023585736,0.023858935,0.018291786,0.024939971,0.5,0.039188434,0.039182772,0.038971693,0.039128407,0.039018878,0.034160775,0.032883279,0.032081415,0.031749099,0.031160378,0.038318393,0.038193255,0.038181122,0.038154749,0.038108917,0.052820261,0.021533425,0.547859239,0.01997972,0.592653631,0.045571987,0.035405812,0.02089486,0.018496437,0.018078881,0.017720875
833,0.384323413,0.369557994,0.365781761,0.364320744,0.372954409,0.376661453,0.286819966,0.317134668,0.306688118,0.310237143,0.232161548,0.330678491,0.5,0.241145035,0.241840876,0.242325309,0.241099173,0.242279209,0.258554375,0.244372424,0.237381043,0.237057926,0.235816714,0.236191891,0.23930492,0.237387734,0.237256438,0.237523024,0.278565536,0.241900817,0.670884349,0.242192896,0.666094546,0.263295177,0.362466518,0.268200303,0.255630271,0.26050406,0.261046024
837,0.434712715,0.401058846,0.416667783,0.425688217,0.399598924,0.399738776,0.159763486,0.164244435,0.17204767,0.163029115,0.074436014,0.130713604,0.396028326,0.345443935,0.362538476,0.344539968,0.353078377,0.339852443,0.379622719,0.347572907,0.338974688,0.346055568,0.355196594,0.352086757,0.351397901,0.353485511,0.33957932,0.35084866,0.426255596,0.106682083,0.489206623,0.101784159,0.438981656,0.326294258,0.202136312,0.136974928,0.134773334,0.135782247,0.138814287
843,0.208772264,0.194070117,0.188581005,0.19205257,0.19121387,0.192737607,0.17195687,0.180412568,0.190001077,0.192720562,0.147120517,0.23348468,0.5,0.237091079,0.236672115,0.235774785,0.236465012,0.234788739,0.186586791,0.180831783,0.179535845,0.177494626,0.173979415,0.214740838,0.213635957,0.214506338,0.213937545,0.214563336,0.241881364,0.161393036,0.72389551,0.160185546,0.756769716,0.329825158,0.198785638,0.16203665,0.146418403,0.146246589,0.14720506
845,0.276461195,0.225504001,0.206519803,0.185818513,0.189030778,0.194291016,0.180990165,0.197073332,0.181444084,0.181383981,0.119567897,0.193392703,0.255468651,0.160819361,0.159875056,0.161754465,0.158900145,0.16354268,0.140399129,0.137992492,0.136448796,0.134627671,0.122459957,0.169298722,0.166110954,0.159482695,0.161660386,0.167196052,0.225918927,0.1266488,0.265859097,0.130107923,0.284944872,0.141100791,0.146800526,0.139158545,0.138103597,0.144776424,0.14027876
846,0.266116569,0.247541442,0.244154409,0.24544259,0.244253915,0.247944342,0.231456886,0.214418398,0.218715672,0.218793168,0.207303395,0.29736958,0.5,0.14644137,0.145563228,0.145609934,0.145092325,0.145083279,0.177526209,0.163438207,0.155816469,0.152860144,0.145002453,0.14586757,0.144276841,0.142679675,0.14335884,0.141740842,0.169325284,0.215922264,0.519325218,0.183796165,0.404043351,0.410427973,0.302369921,0.240644233,0.202263187,0.19544595,0.195734852
847,0.189826989,0.165631206,0.15886765,0.154344496,0.153527018,0.15015037,0.168741428,0.201998373,0.198099338,0.201969097,0.135384384,0.15663447,0.253598702,0.150290216,0.148977464,0.149269533,0.149197119,0.149332636,0.138922742,0.135799084,0.133745083,0.134920965,0.13104725,0.148573001,0.149810617,0.148837257,0.148973689,0.149470493,0.222995025,0.142484056,0.598264789,0.142229685,0.632751595,0.193650706,0.168862536,0.145779174,0.13580093,0.136381723,0.140871098
849,0.329784266,0.299929807,0.292903904,0.275682293,0.273958201,0.281074602,0.222215349,0.215649712,0.21715464,0.247999784,0.122398419,0.160887453,0.205533959,0.179552791,0.178638754,0.178583867,0.182220372,0.174515172,0.180970445,0.16395432,0.170476669,0.163355959,0.168338403,0.17265067,0.185206757,0.186216951,0.179126897,0.18347082,0.239953759,0.131389206,0.287332918,0.134868098,0.304112312,0.147268029,0.152479227,0.140911681,0.135212622,0.124371061,0.137756367
866,0.432377445,0.393555423,0.378779568,0.353355399,0.351435008,0.357974846,0.158313485,0.161567911,0.153219299,0.173419828,0.092867249,0.142373014,0.5,0.323142198,0.304245222,0.322394769,0.306716,0.317795715,0.350075637,0.280904791,0.292046673,0.293075741,0.318778581,0.317565597,0.314751028,0.319634898,0.32421375,0.3181915,0.339125688,0.110866788,0.339700219,0.110878246,0.307454096,0.246352943,0.1843724,0.163504817,0.146404816,0.155819581,0.159651976
871,0.518788428,0.512616527,0.512774439,0.506607495,0.508008857,0.503953935,0.50286044,0.482586811,0.496263902,0.505079981,0.495666852,0.494122369,0.508032476,0.503599855,0.506556821,0.502984097,0.512734082,0.49841956,0.516092693,0.518744884,0.508259858,0.508885126,0.506696484,0.508088817,0.516958756,0.510476361,0.504416854,0.504544597,0.507148063,0.493693817,0.509412917,0.503079169,0.50632416,0.517719846,0.506690728,0.508805474,0.516567192,0.508997281,0.507377565
881,0.056913971,0.047566783,0.045195366,0.04235748,0.040433824,0.039860905,0.011389642,0.005150823,0.003589085,0.003113067,0.003376054,0.033959733,0.5,0.002612692,0.001900937,0.001601993,0.001496938,0.000951831,0.009189269,0.006643118,0.00595995,0.005799804,0.005031211,0.00908552,0.006772144,0.005399832,0.004599655,0.003221083,0.013437286,0.004713568,0.027665079,0.003208692,0.030587387,0.166076053,0.049932907,0.009789322,0.003594362,0.003093496,0.002880994
897,0.117261584,0.101720923,0.10712925,0.110931914,0.11311704,0.108942321,0.026384162,0.034515751,0.039352544,0.036285894,0.022367551,0.030920886,0.5,0.017510812,0.018228828,0.015917684,0.015996519,0.01980616,0.102118626,0.083492559,0.071032143,0.070582742,0.052211494,0.029536577,0.024701717,0.021168678,0.020539876,0.016461749,0.083655475,0.026769311,0.603194813,0.024842158,0.5051555,0.066580516,0.023610055,0.025520307,0.024342535,0.023615907,0.026123819
901,0.174150564,0.144653676,0.132324983,0.126453177,0.121042189,0.118359462,0.145295473,0.120804731,0.124623878,0.124635762,0.08290607,0.1641222,0.204734374,0.163306577,0.163526286,0.163640199,0.163160409,0.163481042,0.072374674,0.068476838,0.067206319,0.066168008,0.065502992,0.162720153,0.162878822,0.163047312,0.162990159,0.163185111,0.245085424,0.107910444,0.284158992,0.104446865,0.282876517,0.134628682,0.146632414,0.112204162,0.087274188,0.081703562,0.08170955
903,0.383275893,0.323354463,0.286156968,0.293532511,0.31291491,0.285068703,0.133832503,0.148608178,0.136231886,0.164690901,0.092352459,0.114745895,0.5,0.329019808,0.325055446,0.327060172,0.327159485,0.318703509,0.225407769,0.24064244,0.247909722,0.248770889,0.267895818,0.331672161,0.330144516,0.326697216,0.33708039,0.335709591,0.390432472,0.096158595,0.341584021,0.101289229,0.267707064,0.208476608,0.155954883,0.113567205,0.113467444,0.121737563,0.121912531
904,0.369905617,0.334229541,0.332867694,0.31887237,0.28616367,0.27580259,0.217403872,0.230830696,0.216719221,0.21599267,0.108780727,0.176376557,0.232908295,0.181091954,0.179959214,0.180271862,0.193118619,0.191688352,0.183897527,0.170397231,0.192339005,0.181499221,0.195809212,0.181831895,0.177391661,0.181411058,0.184252546,0.184973706,0.24110016,0.138538358,0.303470721,0.148354105,0.306170568,0.152738348,0.152368486,0.157726362,0.155458684,0.157614681,0.158209911
910,0.276961036,0.236943633,0.228227748,0.237105269,0.225020284,0.234197968,0.134308912,0.137459509,0.152607177,0.159801267,0.096225203,0.138154987,0.5,0.324659269,0.323708022,0.323430044,0.321282429,0.327668828,0.262682425,0.24032827,0.238920161,0.220067154,0.190595658,0.321945116,0.318853704,0.32461733,0.32735961,0.320196162,0.421105622,0.105189525,0.355984518,0.097243683,0.352471121,0.303545447,0.141547871,0.098317125,0.090294484,0.090792224,0.101429774
912,0.102194609,0.101779832,0.09120415,0.087166598,0.088383508,0.09000367,0.115082332,0.112561778,0.104624997,0.092261435,0.076678584,0.117410189,0.5,0.271656855,0.272856608,0.27007755,0.265860011,0.274304927,0.105177344,0.076312945,0.067433355,0.061411377,0.063454245,0.273695022,0.278887577,0.284645642,0.284433234,0.281364469,0.329305418,0.083613691,0.247972517,0.072451335,0.252156784,0.174014004,0.124758148,0.080271031,0.073958212,0.076474273,0.07847531
913,0.229278079,0.211135929,0.211237419,0.204673869,0.200665875,0.204770489,0.129781517,0.122485646,0.120589921,0.106263002,0.090040969,0.127702813,0.5,0.292981643,0.2896638,0.298963633,0.291934014,0.30013923,0.224051759,0.218856473,0.191240257,0.182525312,0.163837336,0.292536547,0.295387557,0.296242889,0.293176821,0.291466295,0.366578878,0.105886015,0.347608311,0.095272392,0.247427827,0.209035976,0.157486908,0.092597443,0.097800836,0.095428103,0.093966642
914,0.322803717,0.329590333,0.326843076,0.33030047,0.324571398,0.318351664,0.303824191,0.299706507,0.299563024,0.289822721,0.299383004,0.307890154,0.5,0.272231509,0.272300417,0.279405465,0.277848821,0.279539756,0.30976297,0.307817567,0.30887072,0.308438567,0.306526797,0.270629437,0.271284817,0.270789304,0.271220734,0.270721208,0.344221138,0.294428322,0.38241744,0.299186954,0.478805175,0.292241127,0.292747994,0.305085426,0.299471872,0.301358634,0.302417292
917,0.399143583,0.358842954,0.376345387,0.377055745,0.359417577,0.369168081,0.141262798,0.15159887,0.168958134,0.143122338,0.100726411,0.147555076,0.381841229,0.354211698,0.350116373,0.350030906,0.352693901,0.344780281,0.351070746,0.34680891,0.352074057,0.348134478,0.353592826,0.355518187,0.346857263,0.354146487,0.356983325,0.357762071,0.403730139,0.116658983,0.351210498,0.113709724,0.323661815,0.36017261,0.147919732,0.122548246,0.108158798,0.115757,0.114542223
923,0.002325771,0.002946866,0.005610236,0.005315085,0.00717933,0.007428871,0.000251263,0.000255756,0.00013369,0.000127551,0.000135501,0.000128866,0.000248781,0.005951557,0.003033986,0.002404291,0.002271904,0.00162936,0.007193016,0.008388021,0.00733051,0.006507702,0.003657605,0.019323986,0.014013916,0.011398248,0.009749518,0.006358283,0.015847386,0,0.000121065,0,0.000128535,0.280197601,0,0,0,0.000121065,0.000124069
930,0.344589925,0.312232267,0.30236619,0.296516152,0.287388105,0.287278691,0.343233039,0.350809559,0.353781771,0.345828016,0.267244884,0.273176062,0.383214352,0.277019122,0.299770435,0.288414166,0.325018979,0.329911914,0.267405193,0.27029148,0.283409984,0.271537075,0.285849948,0.26531996,0.276892914,0.266775051,0.270145206,0.269712645,0.348340779,0.281033677,0.711028716,0.296175323,0.71347258,0.284650772,0.264469854,0.262961936,0.259445435,0.255098168,0.264955473
934,0.135607554,0.180843653,0.210912518,0.230532747,0.276039767,0.313704843,0.108461261,0.108013071,0.124620593,0.105901945,0.079061498,0.120229173,0.5,0.141524494,0.137109427,0.138027933,0.137249102,0.141597371,0.38804564,0.273349892,0.225263304,0.200572575,0.148673393,0.160972202,0.148982359,0.142224119,0.133290074,0.135510633,0.232675175,0.082546138,0.881325091,0.082152972,0.885323249,0.128016439,0.105276219,0.092012079,0.090048227,0.08227337,0.088429901
953,0.174965381,0.161393433,0.147223651,0.139395492,0.131122013,0.129834367,0.049407458,0.065422456,0.058491652,0.062055396,0.031777819,0.051934028,0.099342677,0.110402762,0.106862069,0.109437237,0.112509056,0.117214073,0.073704776,0.065621521,0.060707244,0.053684447,0.055433126,0.113149304,0.108861282,0.108341353,0.109269565,0.107391018,0.147060085,0.062609052,0.243327156,0.060558647,0.242862648,0.123815627,0.049238362,0.031552034,0.031255801,0.029725371,0.032005514
958,0.004033718,0.010200937,0.01580704,0.017788636,0.014401744,0.018697586,0.02120552,0.015805289,0.016183281,0.016701464,0.010888595,0.020852119,0.5,0.007876348,0.008051139,0.00757261,0.006218457,0.006213025,0.022596634,0.017787047,0.013388094,0.008275689,0.006808193,0.011804126,0.011283643,0.008362044,0.009536111,0.007942139,0.010970901,0.007924548,0.06452859,0.003679976,0.080126551,0.104195198,0.022428906,0.014103553,0.00836565,0.007496768,0.006145299
959,0.06041098,0,0,0,0,0.000114416,0,0,0,0,0,0,0.5,0,0,0,0,0,0,0,0,0,0,0,0,0,0,0,0,0,0,0,0,0,0,0,0,0,0
962,0.007756579,0.007777778,0.008309332,0.008072755,0.006843186,0.006904306,0.010751287,0.010915309,0.019372455,0.012211744,0.010433867,0.024290776,0.5,0.007555556,0.007828283,0.007393484,0.009917582,0.008150183,0.007084627,0.007010582,0.007393484,0.008972159,0.006772727,0.006785714,0.007512531,0.007777778,0.00765873,0.007177033,0.00625,0.00849365,0.008480785,0.008400575,0.008708692,0.007670455,0.043819138,0.006970899,0.008630952,0.006257246,0.008881579
966,0.214631748,0.265591005,0.2592392,0.247711495,0.23826694,0.245089007,0.209608767,0.207069222,0.240433114,0.232050792,0.179525898,0.265543179,0.5,0.22968999,0.226370908,0.226951663,0.243801812,0.237988543,0.255279482,0.240402168,0.231255206,0.215576572,0.204989636,0.233070707,0.220305615,0.225981285,0.212838078,0.236954353,0.282126205,0.19220459,0.759984408,0.233223236,0.742757129,0.159211485,0.203433136,0.191866509,0.196263189,0.190009774,0.205850914
971,0.000565423,0.002777778,0.002057453,0.002,0,0.003063492,0.035447672,0.030539063,0.030854269,0.041454433,0.020529164,0.045819145,0.5,0.00246959,0.004405478,0.002834969,0.00340433,0.005287356,0.016870448,0.008971949,0.006971154,0.001851852,0.002083333,0.005410909,0.003327228,0.003222075,0.003901515,0.005291861,0.008508942,0.007999853,0.028610986,0.01310307,0.024804123,0.030673103,0.055287295,0.023584656,0.016186508,0.018640787,0.022602901
976,0.003790811,0.007278578,0.016146593,0.019503977,0.021365835,0.021822161,0.086227074,0.046615034,0.053124154,0.045976811,0.042018687,0.168337451,0.5,0.072651506,0.072118099,0.071798039,0.072454125,0.072438903,0.029377907,0.022516739,0.021386525,0.01836458,0.013471359,0.073789093,0.073523148,0.073835182,0.072866952,0.072127002,0.086349553,0.046430788,0.831192301,0.043451609,0.82585533,0.0734392,0.153752177,0.057949868,0.032877664,0.026385862,0.026291596
977,0.008993354,0.01387372,0.018254475,0.022597459,0.027838703,0.028935935,0.131790499,0.055400768,0.04529137,0.044867495,0.082145676,0.41049156,0.5,0.292948881,0.291143457,0.290543131,0.288217838,0.291713172,0.09663998,0.077172891,0.064220883,0.056080605,0.037789713,0.268908682,0.253362028,0.250124534,0.246514007,0.244659267,0.289892255,0.098844357,0.139032196,0.084088691,0.156128098,0.194595205,0.5,0.180341825,0.085136441,0.044261238,0.046744804
978,0.006474703,0.008563622,0.015393961,0.014820115,0.01275666,0.013978258,0.036622778,0.021069598,0.025458215,0.025850613,0.024667212,0.02825554,0.5,0.004761905,0.006914336,0.00493987,0.006142561,0.004347826,0.023342857,0.020875868,0.017208577,0.019465301,0.011323862,0.008796645,0.005311505,0.00513285,0.005131579,0.004479895,0.015938804,0.010835295,0.126072174,0.019711011,0.105173985,0.048993299,0.074672856,0.031484127,0.036538526,0.02821724,0.030814854
979,0.234877637,0.210732084,0.196247065,0.181823273,0.178573793,0.176188549,0.201738847,0.222398067,0.214209367,0.205561764,0.131183188,0.202303846,0.5,0.156835513,0.153692607,0.153787604,0.154081537,0.156450581,0.124666874,0.121966084,0.123428221,0.120884611,0.121386039,0.157189114,0.156724665,0.16078175,0.157346044,0.158060537,0.239737164,0.13838931,0.560649146,0.137424254,0.592648855,0.127558303,0.184267732,0.1411484,0.136871915,0.133548943,0.135183956
980,0.012936611,0.017824956,0.017329538,0.016042596,0.01927317,0.016701176,0.107290297,0.071107382,0.061441851,0.073936103,0.039236668,0.156294788,0.5,0.032731267,0.034824616,0.040687666,0.032667706,0.035849075,0.040161509,0.029200531,0.027490257,0.022696726,0.01795872,0.038736754,0.037918106,0.035521159,0.036174222,0.033327125,0.047754892,0.04645908,0.163592646,0.039539751,0.169210178,0.260539919,0.389549726,0.102571945,0.055040339,0.055177665,0.054413522
991,0.185409985,0.102138783,0.066011283,0.027358689,0.026092303,0.049038778,0.043365985,0.008462192,0.011208828,0.008527979,0.00683748,0.073276302,0.5,0.171797735,0.170104841,0.171675554,0.16831816,0.168141054,0.043580315,0.028411273,0.026607212,0.02650648,0.018145347,0.176086439,0.172146215,0.174298343,0.174728637,0.171587061,0.252674188,0.058176765,0.123739825,0.05772904,0.122612022,0.167437538,0.061126132,0.017345462,0.006527083,0.004327667,0.006103332
993,0.186788289,0.170798416,0.166378314,0.166251665,0.169777629,0.170473138,0.027489053,0.044405855,0.04618355,0.044990465,0.018135959,0.017078263,0.5,0.01720668,0.018512252,0.061464058,0.022803708,0.045561092,0.177365143,0.167905425,0.158604145,0.152860287,0.15346615,0.018002609,0.017819624,0.018027001,0.018042786,0.018631877,0.082055882,0.019607745,0.01705622,0.021705361,0.017033485,0.02081711,0.026270901,0.017066903,0.017037095,0.017533672,0.017304124
995,0.02328629,0.019814141,0.025536773,0.023324911,0.022769322,0.021727893,0.062882831,0.054665166,0.058945007,0.066445365,0.042920009,0.080769448,0.5,0.017061647,0.02225718,0.019421279,0.019501174,0.02332596,0.028983258,0.024902496,0.02410224,0.021943572,0.021336448,0.018596126,0.020308404,0.020791999,0.020549337,0.017268518,0.036021621,0.043148454,0.110636564,0.029615117,0.136752898,0.063226577,0.096842366,0.055955026,0.061021039,0.050430849,0.056346601
1000,0.277787298,0.29232937,0.30676437,0.316218704,0.321079405,0.327611598,0.012522737,0.009486321,0.012901798,0.008012532,0.010185116,0.007728774,0.5,0.292005267,0.283754585,0.28181194,0.272541388,0.266176962,0.33684087,0.304550552,0.29574617,0.294697892,0.256414085,0.291057136,0.266502982,0.245050533,0.253948881,0.22527566,0.184914545,0.027505759,0.610726577,0.02541065,0.434064267,0.430803055,0.023789834,0.006075135,0.004582301,0.005968988,0.008770049
1002,0.424419994,0.456474586,0.469645581,0.481539477,0.487746029,0.494163676,0.423230157,0.396993662,0.375822349,0.385375994,0.478007081,0.5,0.5,0.486700466,0.485786978,0.48433219,0.468355639,0.448637115,0.5,0.500073855,0.49786493,0.497199767,0.494476994,0.486459475,0.485145382,0.482605315,0.484405449,0.483612848,0.352141723,0.457585558,0.199030296,0.454983645,0.197156227,0.201606444,0.5,0.49003612,0.468419172,0.466076402,0.469290087
1018,0.441262688,0.454670905,0.461729324,0.470778942,0.475630531,0.475914586,0.402843528,0.389358073,0.375604115,0.391150888,0.455153877,0.5,0.5,0.463425205,0.460154206,0.461007034,0.457521376,0.450601289,0.5,0.500060976,0.489726036,0.481931824,0.474854042,0.44821018,0.449227753,0.44391583,0.445905359,0.441606287,0.404695967,0.437449184,0.215174775,0.424020609,0.21508221,0.217910469,0.5,0.481940277,0.456411324,0.452038843,0.452502597
1019,0.004344721,0.003755559,0.00308056,0.002558309,0.00343629,0.003661805,0.050937293,0.026596586,0.030926762,0.028470167,0.013242999,0.130192582,0.5,0.014078709,0.015854256,0.015087324,0.015470618,0.015383391,0.006773205,0.004447776,0.003254038,0.003254127,0.002552431,0.017771506,0.016118989,0.016191012,0.015510379,0.014911748,0.02294302,0.015082338,0.075792619,0.01080258,0.07470508,0.036775244,0.118753316,0.038817877,0.010535519,0.008788391,0.007826684
1020,0.015143461,0.009005588,0.015890731,0.014897223,0.020701627,0.020892387,0.107399316,0.122078115,0.12475955,0.130426198,0.059388284,0.221867438,0.5,0.024455537,0.029209044,0.024454518,0.024311062,0.028841305,0.045895876,0.030165366,0.027888868,0.023430867,0.014464013,0.022364013,0.019112445,0.025031646,0.018456832,0.023582287,0.035843243,0.032281763,0.271858277,0.034727927,0.189947201,0.056205054,0.444254064,0.110074697,0.083964077,0.091758286,0.090073489
1021,0.089252742,0.098550928,0.111817698,0.10988339,0.118704762,0.132490394,0.109876939,0.103510769,0.090219798,0.097919671,0.080066667,0.193357266,0.5,0.199169943,0.200428737,0.199687465,0.197253039,0.200250465,0.163616421,0.146818847,0.142577382,0.135969862,0.126570958,0.188528191,0.190627361,0.182640918,0.185496935,0.184803032,0.208323669,0.109449218,0.500727837,0.10477879,0.426362114,0.293186939,0.094973402,0.083220161,0.071875557,0.066794306,0.067374626
1036,0.113452381,0.115695203,0.123656339,0.119181307,0.134126111,0.144075068,0.039130231,0.04470676,0.046305652,0.051945409,0.027689683,0.086007319,0.5,0.019045915,0.022183827,0.021146504,0.025649588,0.025842736,0.115190582,0.078632818,0.064975036,0.053808192,0.045995478,0.016047895,0.017861306,0.015436268,0.01671007,0.016788174,0.063519242,0.027478134,0.098714547,0.015201187,0.096940586,0.025745129,0.481645972,0.105498107,0.052350824,0.046329297,0.049361261
1040,0.038224844,0.033615159,0.038955763,0.044013825,0.046404688,0.057728123,0.044470171,0.038770646,0.051280013,0.039786234,0.022115372,0.081017637,0.5,0.013821667,0.012986775,0.012464463,0.014445744,0.015366184,0.054170183,0.040910172,0.034195042,0.024761063,0.022250054,0.012140822,0.013115148,0.010669476,0.011859527,0.013445119,0.048691451,0.020280923,0.103016533,0.022221815,0.103581316,0.023194842,0.432160957,0.080205856,0.038064157,0.031886178,0.034566781
1041,0.068777192,0.066410589,0.067622453,0.070265359,0.071371111,0.071083267,0.166027231,0.150386916,0.152667989,0.147079227,0.054950862,0.106123976,0.167066033,0.10293281,0.111658596,0.111509975,0.110743736,0.115385805,0.069488333,0.055950469,0.048169894,0.046690222,0.045915508,0.081314244,0.086109215,0.085362016,0.093221057,0.090608886,0.120026852,0.26571433,0.370165664,0.270778071,0.349960634,0.253400948,0.132055182,0.050396622,0.039160498,0.0382732,0.036905798
1049,0.289108657,0.290955238,0.321050487,0.353901713,0.378761117,0.367862106,0.294775172,0.295790341,0.287741524,0.260966872,0.305924261,0.411362973,0.5,0.321442468,0.318421086,0.306850316,0.310224007,0.296828048,0.443066777,0.411958832,0.385588776,0.367734064,0.338817396,0.326047759,0.320764242,0.310350007,0.321908938,0.328880672,0.281175521,0.285268065,0.374707875,0.273137178,0.448804894,0.312698064,0.459758904,0.346648771,0.310715136,0.331370343,0.329308244
1050,0.386562034,0.408412462,0.423602697,0.429230709,0.461217022,0.487250873,0.388130102,0.36406955,0.34476712,0.391426989,0.424080417,0.497873134,0.5,0.441166435,0.443072615,0.441352527,0.438564576,0.435954519,0.5,0.5,0.5,0.497569444,0.482395601,0.473867094,0.45210766,0.444715442,0.436004582,0.43563675,0.421505688,0.438717241,0.371237725,0.434186048,0.508100518,0.356810931,0.5,0.460682143,0.427289819,0.408144819,0.437062451
1053,0.379347109,0.393314085,0.39975691,0.414218983,0.412807357,0.416576336,0.425195785,0.404365005,0.389106563,0.389377794,0.443950063,0.493490889,0.5,0.458562441,0.45898662,0.458104366,0.455699712,0.45640506,0.476598233,0.459734915,0.457881012,0.456954598,0.452465998,0.453608125,0.454399701,0.454068441,0.4532708,0.452741631,0.450089116,0.444121515,0.515083933,0.448994282,0.487904022,0.424420428,0.493372978,0.445312509,0.413554604,0.401592695,0.402354983
1056,0.245270633,0.326539916,0.354824381,0.369710176,0.361185385,0.353877183,0.445417668,0.324939055,0.224331648,0.264303283,0.229078981,0.349699788,0.5,0.49,0.495507794,0.490053135,0.500053191,0.479219858,0.370516661,0.371786334,0.368810143,0.37396271,0.368376602,0.478327285,0.468803191,0.480212937,0.456622059,0.367801695,0.401977483,0.379268277,0.180022853,0.350881715,0.202526727,0.21082164,0.5,0.5,0.357798464,0.33973081,0.295027921
1067,0.360362059,0.358149489,0.394243715,0.407159801,0.415428434,0.422230482,0.377329643,0.339144667,0.349719544,0.375543867,0.396198021,0.477445563,0.5,0.413563853,0.411460697,0.40707592,0.407333966,0.413736271,0.476882966,0.441476792,0.443508259,0.435816543,0.423484535,0.408203329,0.415543074,0.412816036,0.412796363,0.409290295,0.320705895,0.416658555,0.629124832,0.408078622,0.653336824,0.35567311,0.414859921,0.395484841,0.350556776,0.359187254,0.3606415
1068,0.333089396,0.373952337,0.397867729,0.409705872,0.405596028,0.413975722,0.349108679,0.368836008,0.353784705,0.307920565,0.359909393,0.460054379,0.5,0.453319154,0.456308068,0.458949617,0.452147218,0.439000382,0.5,0.5005,0.485966748,0.46517316,0.449455044,0.457283126,0.451848262,0.452839352,0.415064333,0.464840618,0.43682802,0.401694717,0.500830782,0.383641797,0.564496862,0.38969694,0.5010004,0.382044113,0.344284732,0.365407289,0.373249909
1069,0.48911661,0.45018018,0.5,0.45,0.5,0.5,0.450359228,0.50188704,0.435846173,0.422629001,0.401259321,0.450448996,0.45,0.450180019,0.45035923,0.450179856,0.500179211,0.400269307,0.45,0.4,0.4,0.45,0.450089606,0.450359551,0.45026995,0.450449159,0.400539086,0.450718618,0.35152718,0.440448516,0.466478287,0.450897668,0.348093563,0.237757009,0.45,0.450089928,0.5,0.4,0.400180505
1111,0.494971595,0.500024776,0.500061069,0.5,0.5,0.5,0.500323078,0.485683041,0.473210097,0.472806168,0.499952759,0.50001019,0.5,0.496557991,0.492241575,0.494053241,0.497678458,0.498274078,0.5,0.5,0.5,0.5,0.500010185,0.500173102,0.499606768,0.500183348,0.499686337,0.500173142,0.500557542,0.498098127,0.325371471,0.495729342,0.335467188,0.50995644,0.5,0.5,0.5,0.5,0.5
1112,0.490743604,0.496626722,0.498243838,0.499763328,0.499619161,0.499882362,0.497921673,0.472730124,0.466068552,0.468635734,0.49496223,0.5,0.5,0.499770361,0.499429228,0.497641428,0.502524025,0.503647335,0.5,0.5,0.5,0.5,0.500032489,0.499668056,0.499996166,0.499678838,0.499678614,0.499847397,0.495086147,0.497684638,0.459935848,0.496375273,0.465044195,0.48403807,0.5,0.5,0.500010792,0.5,0.500010785
1114,0.491404909,0.49710743,0.499187682,0.499843115,0.499716099,0.499949421,0.289196337,0.304055538,0.314878511,0.317032851,0.282632832,0.291629909,0.5,0.481218504,0.480268295,0.478380405,0.476158205,0.478990463,0.5,0.5,0.5,0.5,0.50002153,0.471664103,0.469526508,0.471140371,0.468277577,0.473073278,0.500299075,0.285890646,0.620302008,0.287170126,0.619943329,0.47114636,0.5,0.447213623,0.350652985,0.340965667,0.344154915
1116,0,0,0,0,0,0,0,0,0,0,0,0,0.5,0.000990099,0,0,0.001393847,0,0,0,0,0,0,0.003391782,0.001635865,0.000555556,0.000920168,0.000458716,0.237240091,0,0,0,0,0.159352262,0.12345851,0.001492847,0,0,0.000537634
1119,0.278697738,0.261961868,0.255662424,0.256569283,0.255177959,0.253677608,0.235249487,0.238958528,0.256905265,0.251599244,0.2230946,0.30048981,0.5,0.269028394,0.267890546,0.268298801,0.269984034,0.267649294,0.283550422,0.267571834,0.260675348,0.257849517,0.24828863,0.258587829,0.258248278,0.25889599,0.258806472,0.259163138,0.315117865,0.23078982,0.527673189,0.225179251,0.473811358,0.327254565,0.262346066,0.239485358,0.218656132,0.222883353,0.223506377
1120,0.211415717,0.200703537,0.202219338,0.207529361,0.205515408,0.206763645,0.192392025,0.194748462,0.200166617,0.198596966,0.160367742,0.256026354,0.5,0.257549331,0.258313522,0.257716507,0.257374846,0.257829369,0.17628827,0.170197258,0.168942662,0.167495405,0.165874358,0.254919272,0.255123051,0.255128301,0.254786721,0.254216373,0.319263633,0.188835585,0.721786026,0.183325651,0.722305582,0.353045457,0.218189227,0.165083037,0.145992363,0.145595785,0.143948121
1128,0.105942325,0.09037224,0.082231732,0.092169242,0.10545342,0.101227163,0.09222917,0.094166069,0.095819627,0.100821723,0.054547266,0.089056674,0.5,0.057996314,0.062797967,0.057944612,0.055760459,0.058870928,0.121954195,0.072112881,0.056293022,0.057048854,0.056134921,0.056524213,0.05601442,0.057457325,0.052039237,0.059889322,0.071423164,0.060631302,0.663285097,0.054104055,0.491190138,0.053135737,0.082804442,0.065761515,0.066304621,0.061356074,0.057138179
1130,0.14979721,0.164066834,0.170285804,0.195256225,0.201883773,0.2271696,0.115575436,0.109456663,0.103997931,0.095481111,0.089461355,0.136203282,0.5,0.122458261,0.108350088,0.115808099,0.125643281,0.121808769,0.404039131,0.186206852,0.17556107,0.165183042,0.136326874,0.115666805,0.126706496,0.127100841,0.120007393,0.129445838,0.175341953,0.096771457,0.372212647,0.083303053,0.366353082,0.094625573,0.160344817,0.117329409,0.105353122,0.115467321,0.11306872
1134,0.037978046,0.03690401,0.039359176,0.040040932,0.03722509,0.035863519,0.056017082,0.050835705,0.047063988,0.04226105,0.03786714,0.055223529,0.5,0.028435348,0.027668587,0.029964918,0.027976755,0.028846072,0.078026936,0.054181771,0.04940467,0.049252949,0.048139746,0.026427097,0.028433123,0.029740365,0.029378172,0.026156625,0.035846308,0.025735491,0.465988178,0.027835347,0.360234256,0.029600289,0.03855006,0.040459735,0.036597027,0.03966481,0.041264174
1138,0.241494485,0.220038723,0.231260633,0.225446923,0.213166073,0.2262724,0.324780451,0.280811039,0.332824558,0.286102797,0.283925874,0.419726164,0.5,0.278345377,0.298472753,0.285558508,0.296423016,0.291698831,0.5,0.399746113,0.32128357,0.29535255,0.268699234,0.303137938,0.294045776,0.286832479,0.302816372,0.298128941,0.331530798,0.247802852,0.598300844,0.258923928,0.44656174,0.174427809,0.5,0.395285891,0.363587297,0.384980067,0.379153235
1139,0.265482066,0.318926292,0.336977218,0.340176145,0.383910112,0.409550265,0.32263017,0.288460158,0.269397189,0.311761642,0.398997746,0.427190566,0.5,0.338483699,0.314586803,0.30397792,0.312680556,0.307006666,0.5,0.5,0.5,0.501025131,0.362715669,0.32178334,0.320442279,0.306163861,0.311858789,0.318219032,0.363694556,0.297278729,0.334548406,0.331696137,0.397715917,0.146557841,0.5,0.49318394,0.490251068,0.488987395,0.484327778
1142,0.254398237,0.31914279,0.300885837,0.352040222,0.389312835,0.384417752,0.363715792,0.325910659,0.389692871,0.362428425,0.421560952,0.482030641,0.5,0.337651879,0.304324572,0.32519934,0.327986353,0.331343957,0.5,0.4,0.5,0.500331126,0.368303376,0.322095081,0.335562325,0.324688129,0.341217737,0.34330717,0.416144288,0.341801529,0.358883612,0.310300667,0.412620058,0.174929517,0.5,0.500337838,0.481365395,0.48478458,0.486081302
1146,0.027114008,0.018673469,0.017035534,0.022068656,0.022002237,0.024147362,0.033892727,0.030846878,0.022727924,0.045100811,0.027884474,0.047497804,0.5,0.053074129,0.055197355,0.053003044,0.059566982,0.069060034,0.04912752,0.045415902,0.047004505,0.060337838,0.046371882,0.050636952,0.051377496,0.056671525,0.051737198,0.055501586,0.060328126,0.022553348,0.045808736,0.049853619,0.035889371,0.047482993,0.028503551,0.028115616,0.033256803,0.028807793,0.028948949
1161,0.08706467,0.065147856,0.061135046,0.063390986,0.060687846,0.06421143,0.092667057,0.073634499,0.088316846,0.084776938,0.046369017,0.076163101,0.5,0.095773207,0.087682164,0.098072345,0.094427072,0.096889432,0.07787996,0.064045473,0.058332469,0.058932067,0.057149833,0.082192768,0.093697917,0.087266266,0.090114648,0.097398271,0.093584199,0.06085617,0.635146861,0.049096512,0.663001429,0.0567916,0.06574638,0.064993655,0.061929864,0.062167167,0.065696052
1166,0.321417653,0.336930454,0.350704134,0.36735087,0.369299023,0.371448501,0.208120898,0.195954278,0.196194958,0.221453444,0.171419828,0.226537311,0.5,0.198224317,0.183117656,0.203100204,0.197591235,0.196428553,0.5,0.362592333,0.320023956,0.267390763,0.266459666,0.194673566,0.197032984,0.198516102,0.195357314,0.195105685,0.237027663,0.17490654,0.509084345,0.173284987,0.345810974,0.181890023,0.421181493,0.23968941,0.244346161,0.254162981,0.233036694