,NumberOfInstances,NumberOfFeatures
2,898,39
3,3196,37
4,57,17
5,452,280
6,20000,17
7,226,70
8,345,7
9,205,26
10,148,19
11,625,5
12,2000,217
13,286,10
14,2000,77
15,699,10
16,2000,65
18,2000,7
20,2000,241
22,2000,48
23,1473,10
24,8124,23
25,368,28
26,12960,9
27,368,23
28,5620,65
29,690,16
30,5473,11
31,1000,21
32,10992,17
34,90,9
35,366,35
36,2310,20
37,768,9
38,3772,30
39,336,8
40,208,61
41,214,10
42,683,36
43,306,4
44,4601,58
46,3190,62
48,151,6
49,303,14
50,958,10
51,294,14
52,10,33
53,270,14
54,846,19
55,155,20
56,435,17
57,3772,30
59,351,35
60,5000,41
61,150,5
62,101,18
70,1000000,39
71,1000000,39
72,1000000,37
73,1000000,17
74,1000000,17
75,1000000,26
76,1000000,19
77,1000000,10
78,1000000,77
115,1000000,65
116,1000000,13
117,1000000,13
118,1000000,48
119,55296,10
120,1000000,23
121,1000000,28
122,1000000,23
123,1000000,65
124,1000000,16
125,295245,11
126,1000000,21
127,1000000,17
128,1000000,40
129,1000000,35
130,1000000,20
131,1000000,30
132,1000000,61
133,137781,10
134,1000000,36
135,1000000,58
136,1000000,14
137,39366,10
138,1000000,14
139,1000000,33
140,1000000,14
141,1000000,19
142,1000000,20
143,131072,17
144,1000000,30
146,1000000,35
147,1000000,41
148,1000000,18
149,1455525,73
150,581012,55
151,45312,9
152,1000000,11
153,1000000,11
154,1000000,25
155,829201,11
156,1000000,11
157,1000000,11
158,1000000,11
159,1000000,11
160,1000000,11
161,1000000,4
162,1000000,4
163,32,57
164,106,59
171,339,18
172,15,7
179,48842,15
180,110393,55
181,1484,9
182,6430,37
183,4177,9
184,28056,7
185,1340,18
186,412,9
187,178,14
188,736,20
189,8192,9
190,61,3
191,194,33
192,52,4
193,40,8
194,303,14
195,159,16
196,398,8
197,8192,22
198,9517,7
199,125,5
200,418,19
201,15000,49
202,205,26
203,189,10
204,303,14
205,62,8
206,186,61
207,159,16
208,13,14
209,2178,4
210,108,7
211,16,7
212,43,3
213,195,12
214,96,5
215,40768,11
216,16599,19
217,74,28
218,22784,9
222,130,10
223,950,10
224,286,10
225,8192,9
226,27,5
227,8192,13
228,55,3
229,200,11
230,209,7
231,294,14
232,158,8
244,1000000,39
245,1000000,39
246,1000000,17
247,1000000,17
248,1000000,26
249,1000000,19
250,1000000,77
251,39366,10
252,1000000,65
253,1000000,13
254,1000000,48
255,55296,10
256,1000000,28
257,1000000,23
258,1000000,16
259,295245,11
260,1000000,21
261,1000000,17
262,1000000,40
263,1000000,35
264,1000000,61
265,137781,10
266,1000000,14
267,1000000,14
268,1000000,19
269,1000000,20
271,1000000,41
272,1000000,18
273,120919,1002
274,399940,1002
275,71,63
276,74,63
277,74,63
278,74,63
279,45164,75
285,194,30
287,6497,12
293,581012,55
294,6435,37
296,13750,41
298,9822,86
299,360,91
300,7797,618
301,2536,73
307,990,13
308,8192,33
310,11183,7
311,937,50
312,2407,300
313,531,103
315,1994,128
316,2417,117
327,105,13
328,105,13
329,160,5
333,556,7
334,601,7
335,554,7
336,267,23
337,349,45
338,155,9
339,36,23
340,52,25
342,52,24
343,63,32
344,40768,11
346,50,5
350,36974,124
351,488565,9
354,1025010,11
357,98528,101
372,10108,72
373,9100,3
374,131,3
375,9961,15
376,65,3
377,600,62
378,8844,61
379,70,3
380,61,3
381,7485,61
382,7019,61
383,690,8262
384,336,7903
385,927,10129
386,913,3101
387,414,6430
388,204,5833
389,2463,2001
390,9558,26833
391,1504,2887
392,1003,3183
393,3075,12433
394,918,3013
395,1657,3759
396,3204,13196
397,313,5805
398,1560,8461
399,11162,11466
400,878,7455
401,1050,3239
402,12,1143
403,11,1143
404,13,1143
405,4450,203
406,25,10
407,30,1143
408,26,1143
409,79,321
410,37,1143
411,14,1143
412,22,111
413,10,1143
414,7,1143
415,8,1143
416,8885,252
417,13,1143
418,34,1143
419,22,629
420,32,1143
421,31,54
422,8885,267
423,13,1143
424,80,113
425,13,1143
426,20,10
427,16,34
428,22,40
429,19,10
430,274,1143
431,13,22
432,5,1143
433,16,24
434,195,33
435,9,1143
436,10,1143
437,10,1143
438,6,1143
439,34,1143
440,15,10
441,15,10
442,14,51
443,95,10
444,132,4
446,200,8
448,120,4
449,163,28
450,264,5
451,500,6
452,285,8
453,57,12
454,1340,18
455,406,9
456,365,4
457,27,4
458,841,71
459,83,4
460,379,9
461,100,7
462,23,6
463,180,33
464,250,3
465,97,11
466,340,15
467,52,10
468,72,4
469,797,5
470,672,10
471,366,6
472,87,4
474,364,33
475,400,6
476,50,7
477,67,17
479,92,11
480,61,19
481,209,9
482,559,5
483,20,9
485,48,5
486,30,22
487,30,41
488,1161,17
490,54,8
491,92,6
492,140,4
493,45,47
494,649,3
495,206,19
497,137,8
498,60,11
500,468,4
501,100,11
502,228,8
503,6574,15
504,4052,8
505,240,125
506,159,10
507,3107,7
508,26,7
509,329,10
510,62,11
511,315,14
512,2001,3
513,559,5
515,26,9
516,1945,19
518,74,10
519,380,3
520,163,6
521,120,20
522,500,8
523,100,4
524,418,20
525,322,24
526,132,4
527,67,16
528,130,4
529,3848,6
530,66,13
531,506,14
532,31,17
533,559,5
534,534,11
535,100,4
536,559,5
537,20640,9
538,1302,35
539,30,8
540,284,11
541,1156,6
542,60,16
543,506,21
544,131,4
545,6875,1
546,576,12
547,500,8
549,625,7
550,2178,4
551,108,5
552,13,14
553,76,7
554,70000,785
555,450,4
556,475,4
557,475,4
558,8192,33
559,38,6
560,252,15
561,209,8
562,8192,13
563,782,9
564,40768,11
565,527,39
566,528,22
567,316,12
568,316,12
569,93,23
570,316,12
572,8192,9
573,8192,22
574,22784,17
575,316,12
576,316,12
577,316,12
578,316,12
579,250,6
580,250,101
581,500,26
582,500,26
583,1000,51
584,500,26
585,100,11
586,1000,26
587,100,51
588,1000,101
589,1000,26
590,1000,51
591,100,11
592,1000,26
593,1000,11
594,100,6
595,1000,11
596,250,6
597,500,6
598,1000,26
599,1000,6
600,100,51
601,250,6
602,250,11
603,250,51
604,500,11
605,250,26
606,1000,11
607,1000,51
608,1000,11
609,1000,6
610,500,101
611,100,6
612,1000,6
613,250,6
614,250,26
615,250,11
616,500,51
617,500,6
618,1000,51
619,250,51
620,1000,26
621,100,11
622,1000,51
623,1000,11
624,100,6
625,100,26
626,500,51
627,500,11
628,1000,6
629,100,26
630,100,51
631,500,6
632,250,51
633,500,26
634,100,11
635,250,11
636,100,51
637,500,51
638,250,51
639,100,26
640,100,11
641,500,11
642,100,51
643,500,26
644,250,26
645,500,51
646,500,11
647,250,11
648,250,51
649,500,6
650,500,51
651,100,26
652,100,101
653,250,26
654,500,11
655,100,26
656,100,6
657,250,11
658,250,26
659,47,8
660,51,7
661,34,9
663,120,3
664,400,7
665,147,7
666,508,11
668,50,6
669,39,4
670,400,8
671,400,8
672,400,8
673,400,8
674,27,11
675,44,4
676,662,4
678,111,4
679,1024,3
680,185,4
681,70,8
682,87,11
683,60,8
684,40,3
685,130,3
686,264,3
687,62,6
688,8641,5
689,468,3
690,323,5
691,52,10
692,50,6
693,48,5
694,310,9
695,235,13
696,42,17
697,46,5
698,70,5
699,662,4
700,228,10
702,42,11
703,526,6
704,662,4
705,50,5
706,93,7
707,50,8
708,73,6
709,662,4
710,66,6
711,88,3
712,222,3
713,52,4
714,125,5
715,1000,26
716,100,51
717,508,11
718,1000,101
719,137,8
720,4177,9
721,200,11
722,15000,49
723,1000,26
724,468,4
725,8192,9
726,100,6
727,40768,11
728,4052,8
729,44,4
730,250,6
731,96,5
732,250,51
733,209,7
734,13750,41
735,8192,13
736,111,4
737,3107,7
738,195,12
739,62,8
740,1000,11
741,1024,3
742,500,101
743,1000,6
744,250,6
745,159,16
746,250,26
747,167,5
748,163,6
749,500,6
750,500,8
751,1000,11
752,8192,33
753,194,33
754,100,6
755,62,6
756,159,16
757,528,22
758,67,16
759,66,13
760,31,17
761,8192,22
762,100,11
763,250,11
764,450,4
765,475,4
766,500,51
767,475,4
768,100,26
769,250,51
770,625,7
771,108,5
772,2178,4
773,250,26
774,662,4
775,100,26
776,250,6
777,47,8
778,252,15
779,500,26
780,51,7
782,120,3
783,100,11
784,140,4
785,45,47
786,303,14
787,50,6
788,186,61
789,100,11
790,55,3
791,43,3
792,500,6
793,250,11
794,250,26
795,662,4
796,209,8
797,1000,51
798,303,14
799,1000,6
800,74,28
801,185,4
802,1945,19
803,7129,6
804,70,8
805,500,51
806,1000,51
807,8192,9
808,100,11
810,418,19
811,264,3
812,100,26
813,1000,6
814,468,3
815,52,10
816,8192,9
817,48,5
818,310,9
819,9517,7
820,235,13
821,22784,17
823,20640,9
824,500,11
825,506,21
826,576,12
827,662,4
828,100,101
829,100,6
830,250,11
831,398,8
832,250,26
833,8192,33
834,250,101
835,48,5
836,34,9
837,1000,51
838,500,26
839,782,9
840,205,26
841,950,10
842,60,11
843,22784,9
844,286,10
845,1000,11
846,16599,19
847,6574,15
848,38,6
849,1000,26
850,100,51
851,240,125
852,159,10
853,506,14
854,158,8
855,500,11
857,40,8
858,294,14
859,74,10
860,380,3
861,93,23
862,87,11
863,250,11
864,60,8
865,100,4
866,1000,51
867,130,3
868,100,26
869,500,11
870,500,6
871,3848,6
873,250,51
874,50,6
875,100,4
876,100,51
877,250,51
878,100,11
879,500,26
880,284,11
881,40768,11
882,60,16
884,500,6
885,131,4
886,500,8
887,61,3
888,500,51
889,100,26
890,108,8
891,93,7
892,50,8
893,73,6
894,66,6
895,222,3
896,500,26
897,1161,17
898,54,8
899,92,6
900,400,7
901,40768,11
902,147,7
903,1000,26
904,1000,51
905,39,4
906,400,8
907,400,8
908,400,8
909,400,8
910,1000,11
911,250,6
912,1000,6
913,1000,11
914,2001,3
915,315,14
916,100,6
917,1000,26
918,250,51
919,40,3
920,500,51
921,132,4
922,100,51
923,8641,5
924,130,4
925,323,5
926,500,26
927,42,17
928,46,5
929,70,5
930,1302,35
931,662,4
932,100,51
933,250,26
934,1156,6
935,250,11
936,500,11
937,500,51
938,42,11
939,228,10
940,527,39
941,189,10
942,50,5
943,500,11
944,130,10
945,76,7
946,88,3
947,559,5
948,2178,4
949,559,5
950,559,5
951,559,5
952,214,10
953,3190,62
954,531,103
955,151,6
956,106,59
957,412,9
958,2310,20
959,12960,9
960,90,9
961,285,8
962,2000,7
963,294,14
964,36,23
965,101,18
966,1340,18
967,406,9
968,365,4
969,150,5
970,841,71
971,2000,77
972,52,25
973,178,14
974,132,5
975,205,26
976,9961,15
977,20000,17
978,2000,217
979,5000,41
980,5620,65
981,10108,69
982,303,14
983,1473,10
984,366,6
985,52,24
986,364,33
987,500,24
988,67,16
989,898,39
990,736,20
991,1728,7
992,95,10
993,7019,61
994,846,19
995,2000,48
996,214,10
997,625,5
998,57,12
999,226,70
1000,3772,30
1001,76,46
1002,7485,56
1003,339,18
1004,600,62
1005,214,10
1006,148,19
1007,107,13
1008,379,9
1009,63,32
1010,366,35
1011,336,8
1012,194,30
1013,138,3
1014,797,5
1015,72,4
1016,990,14
1017,452,280
1018,8844,57
1019,10992,17
1020,2000,65
1021,5473,11
1022,2000,241
1023,683,36
1025,400,6
1026,155,9
1027,488,5
1028,1000,11
1029,1000,5
1030,1000,5
1035,488,5
1037,4562,15
1038,3468,971
1039,4229,1618
1040,14395,109
1041,3468,785
1042,3468,785
1044,10936,28
1045,145,95
1046,15545,6
1048,369,9
1049,1458,38
1050,1563,38
1051,60,17
1053,10885,22
1054,161,40
1055,89,9
1056,9466,39
1058,75,15
1059,121,30
1060,63,30
1061,107,30
1062,36,30
1063,522,22
1064,101,30
1065,458,40
1066,145,95
1067,2109,22
1068,1109,22
1069,5589,37
1070,145,95
1071,403,38
1072,31,31
1073,274,9
1075,130,9
1076,93,24
1077,105,22284
1078,105,22284
1079,95,22278
1080,113,54676
1081,89,54614
1082,92,59005
1083,214,45102
1084,220,22284
1085,159,61360
1086,283,54622
1087,283,54622
1088,383,54676
1089,47,14
1090,53,12
1091,59,17
1092,352,14
1093,40,7
1094,39,5
1096,50,6
1097,200,21
1098,48,8
1099,150,5
1100,478,11
1101,45,4027
1102,96,4027
1103,17,2884
1104,72,7130
1106,190,16064
1107,60,7130
1109,96,4027
1110,4898431,42
1111,50000,231
1112,50000,231
1113,494020,42
1114,50000,231
1115,151,7
1116,6598,170
1117,81,13
1119,32561,16
1120,19020,12
1121,294,12
1122,413,10937
1123,405,10937
1124,201,10937
1125,146,10937
1126,412,10937
1127,421,10937
1128,1545,10937
1129,384,10937
1130,1545,10937
1131,193,10937
1132,203,10937
1133,347,10937
1134,1545,10937
1135,355,10937
1136,250,10937
1137,546,10937
1138,1545,10937
1139,1545,10937
1140,324,10937
1141,130,10937
1142,1545,10937
1143,363,10937
1144,329,10937
1145,630,10937
1146,1545,10937
1147,337,10937
1148,468,10937
1149,458,10937
1150,470,10937
1151,138,10937
1152,267,10937
1153,484,10937
1154,187,10937
1155,195,10937
1156,275,10937
1157,321,10937
1158,604,10937
1159,259,10937
1160,410,10937
1161,1545,10937
1162,322,10937
1163,386,10937
1164,185,10937
1165,542,10937
1166,1545,10937
1167,320,9
1168,38014,18
1169,539383,8
1177,1000000,18
1178,663552,13
1179,1000000,13
1180,1000000,23
1181,1000000,45
1182,1000000,15
1183,1000000,37
1184,1000000,18
1185,1000000,14
1186,1000000,20
1187,1000000,33
1188,1000000,14
1189,1000000,16
1190,1000000,22
1191,1000000,19
1192,1000000,26
1193,31104,10
1194,1000000,14
1195,1000000,16
1196,1000000,12
1197,177147,11
1198,1000000,19
1199,17496,10
1200,59049,10
1201,116640,10
1202,1000000,13
1203,177147,11
1204,531441,12
1205,1000000,15
1206,1000000,37
1207,1000000,41
1208,1000000,91
1209,1000000,13
1210,1000000,33
1211,1000000,23
1212,1000000,45
1213,78732,11
1214,1000000,15
1216,1496391,12
1217,149639,12
1218,1997410,12
1219,399482,12
1220,39948,12
1222,20000,17
1226,798964,12
1228,144,77
1233,945,6374
1235,1000000,10
1236,1000000,4
1237,1000000,4
1238,1000000,4
1240,1076790,30
1241,488565,9
1242,98528,101
1245,442,24
1351,1000000,39
1352,1000000,39
1353,1000000,39
1354,1000000,39
1355,1000000,39
1356,1000000,39
1357,1000000,39
1358,1000000,39
1359,1000000,39
1360,1000000,39
1361,1000000,39
1362,1000000,39
1363,1000000,39
1364,1000000,39
1365,1000000,39
1366,1000000,39
1367,1000000,39
1368,1000000,39
1369,1000000,37
1370,1000000,37
1371,1000000,37
1372,1000000,37
1373,1000000,37
1374,1000000,37
1375,1000000,37
1376,1000000,37
1377,1000000,37
1378,1000000,17
1379,1000000,17
1380,1000000,17
1381,1000000,17
1382,1000000,17
1383,1000000,17
1384,1000000,17
1385,1000000,17
1386,1000000,17
1387,1000000,70
1388,1000000,70
1389,1000000,70
1390,1000000,70
1391,1000000,70
1392,1000000,70
1393,1000000,26
1394,1000000,26
1395,1000000,26
1396,1000000,26
1397,1000000,26
1398,1000000,26
1399,1000000,26
1400,1000000,26
1401,1000000,26
1402,1000000,19
1403,1000000,19
1404,1000000,19
1405,1000000,19
1406,1000000,19
1407,1000000,19
1408,1000000,19
1409,1000000,19
1410,1000000,19
1412,226,24
1413,150,5
1414,10886,12
1419,24,5
1420,209,8
1424,32561,124
1425,32561,124
1426,32561,124
1427,32561,124
1428,32561,124
1429,32561,124
1430,48842,124
1432,62,2001
1433,7089,5
1434,86,7130
1435,862,3
1436,1000,25
1441,123,40
1442,253,38
1443,661,38
1444,1043,38
1446,296,38
1447,327,38
1448,194,40
1449,253,38
1450,125,40
1451,705,38
1452,745,37
1453,1077,38
1454,1458,38
1455,120,7
1457,1500,10001
1458,200,10001
1459,10218,8
1460,5300,3
1461,45211,17
1462,1372,5
1463,100,6
1464,748,5
1465,106,10
1466,2126,36
1467,540,21
1468,1080,857
1471,14980,15
1472,768,10
1473,100,10
1475,6118,52
1476,13910,129
1477,13910,130
1478,10299,562
1479,1212,101
1480,583,11
1481,28056,7
1482,340,16
1483,164860,8
1484,126,311
1485,2600,501
1486,34465,119
1487,2534,73
1488,195,23
1489,5404,6
1490,182,13
1491,1600,65
1492,1600,65
1493,1599,65
1494,1055,42
1495,250,7
1496,7400,21
1497,5456,25
1498,462,10
1499,210,8
1500,210,8
1501,1593,257
1502,245057,4
1503,263256,15
1504,1941,34
1506,470,17
1507,7400,21
1508,403,6
1509,149332,5
1510,569,31
1511,440,9
1512,200,14
1513,123,13
1514,360,1301
1515,571,1301
1516,88,91
1517,47,91
1518,47,91
1519,117,91
1520,164,91
1523,310,7
1524,310,7
1525,5456,3
1526,5456,5
1527,3252,4
1528,1623,4
1529,1521,4
1530,1515,4
1531,10176,4
1532,10668,4
1533,10386,4
1534,10190,4
1535,9989,4
1536,10130,4
1537,28626,4
1538,8753,4
1539,9172,4
1540,9285,4
1541,8654,4
1542,1183,4
1543,1080,4
1544,1277,4
1545,1252,4
1546,1112,4
1547,1000,21
1548,2500,101
1549,750,41
1551,400,41
1552,1100,13
1553,700,13
1554,500,13
1555,1000,41
1556,120,7
1557,4177,9
1558,4521,17
1559,106,10
1560,2126,36
1561,64,3722
1562,64,4703
1563,64,230
1564,64,243
1565,294,14
1566,1212,101
1567,1025009,11
1568,12958,9
1569,1025000,11
1570,4839,6
1571,862,3
1572,1000,25
1574,270,14
1575,191681,23
1577,697641,47237
1578,72309,20959
1579,3175,61
1581,49749,301
1582,49749,301
1583,49749,301
1584,49749,301
1585,49749,301
1586,49749,301
1587,49749,301
1588,64700,301
1589,1243,23
1590,48842,15
1591,67557,127
1592,108000,129
1593,98528,101
1594,19928,62062
1595,1025010,11
1596,581012,55
1597,284807,31
1600,267,45
3040,87,1026
3041,13,1026
3042,81,1026
3043,131,1026
3044,692,1026
3045,127,1026
3046,427,1026
3047,389,1026
3048,395,1026
3049,79,1026
3050,5742,1026
3051,22,1026
3052,422,1026
3053,113,1026
3054,821,1026
3055,17,1026
3056,81,1026
3057,12,1026
3058,44,1026
3059,732,1026
3060,39,1026
3061,440,1026
3062,2044,1026
3063,1431,1026
3064,838,1026
3065,74,1026
3066,72,1026
3067,148,1026
3068,2329,1026
3069,1030,1026
3070,1515,1026
3071,75,1026
3072,25,1026
3073,4442,1026
3074,125,1026
3075,1330,1026
3076,314,1026
3077,57,1026
3078,24,1026
3079,1580,1026
3080,532,1026
3081,2145,1026
3082,157,1026
3083,10,1026
3084,47,1026
3085,124,1026
3086,534,1026
3087,10,1026
3088,2442,1026
3089,1007,1026
3090,262,1026
3091,86,1026
3092,714,1026
3093,81,1026
3094,59,1026
3095,10,1026
3096,877,1026
3097,1201,1026
3098,84,1026
3099,11,1026
3100,90,1026
3101,733,1026
3102,15,1026
3103,2446,1026
3104,161,1026
3105,1616,1026
3106,584,1026
3107,70,1026
3108,10,1026
3109,15,1026
3110,122,1026
3111,23,1026
3112,66,1026
3113,1157,1026
3114,47,1026
3115,1107,1026
3116,83,1026
3117,1211,1026
3118,1863,1026
3119,1238,1026
3120,73,1026
3121,396,1026
3122,22,1026
3123,80,1026
3124,82,1026
3125,2625,1026
3126,122,1026
3127,575,1026
3128,30,1026
3129,3438,1026
3130,35,1026
3131,198,1026
3132,1529,1026
3133,214,1026
3134,782,1026
3135,89,1026
3136,215,1026
3137,14,1026
3138,107,1026
3139,728,1026
3140,149,1026
3141,141,1026
3142,2998,1026
3143,108,1026
3144,81,1026
3145,406,1026
3146,40,1026
3147,24,1026
3148,17,1026
3149,124,1026
3150,79,1026
3151,84,1026
3152,83,1026
3153,1243,1026
3154,80,1026
3155,63,1026
3156,41,1026
3157,186,1026
3158,116,1026
3159,86,1026
3160,16,1026
3161,154,1026
3162,413,1026
3163,257,1026
3164,4085,1026
3165,4089,1026
3166,126,1026
3167,60,1026
3168,18,1026
3169,151,1026
3170,15,1026
3171,73,1026
3172,34,1026
3173,74,1026
3174,10,1026
3175,75,1026
3176,84,1026
3177,30,1026
3178,3429,1026
3179,126,1026
3180,111,1026
3181,3151,1026
3182,1932,1026
3183,837,1026
3184,399,1026
3185,1089,1026
3186,18,1026
3187,137,1026
3188,17,1026
3189,58,1026
3190,66,1026
3191,20,1026
3192,18,1026
3193,3889,1026
3194,80,1026
3195,319,1026
3196,534,1026
3197,1238,1026
3198,377,1026
3199,655,1026
3200,16,1026
3201,1255,1026
3202,3134,1026
3203,230,1026
3204,30,1026
3205,1246,1026
3206,81,1026
3207,483,1026
3208,30,1026
3209,123,1026
3210,477,1026
3211,63,1026
3212,366,1026
3213,1044,1026
3214,11,1026
3215,1560,1026
3216,61,1026
3217,2256,1026
3218,92,1026
3219,73,1026
3220,1427,1026
3221,731,1026
3222,1891,1026
3223,10,1026
3224,1608,1026
3225,89,1026
3226,74,1026
3227,85,1026
3228,17,1026
3229,636,1026
3230,560,1026
3231,1671,1026
3232,88,1026
3233,106,1026
3234,645,1026
3235,73,1026
3236,34,1026
3237,49,1026
3238,11,1026
3239,1211,1026
3240,30,1026
3241,80,1026
3242,33,1026
3243,199,1026
3244,10,1026
3245,125,1026
3246,656,1026
3247,162,1026
3248,24,1026
3249,740,1026
3250,17,1026
3251,2756,1026
3252,12,1026
3253,29,1026
3254,79,1026
3255,624,1026
3256,213,1026
3257,411,1026
3258,32,1026
3259,1584,1026
3260,61,1026
3261,25,1026
3262,1842,1026
3263,14,1026
3264,38,1026
3265,1004,1026
3266,52,1026
3267,152,1026
3268,34,1026
3269,74,1026
3270,127,1026
3271,64,1026
3272,38,1026
3273,78,1026
3274,31,1026
3275,887,1026
3276,36,1026
3277,5766,1026
3278,2076,1026
3279,1541,1026
3280,48,1026
3281,547,1026
3282,213,1026
3283,819,1026
3284,35,1026
3285,83,1026
3286,1648,1026
3287,59,1026
3288,116,1026
3289,11,1026
3290,182,1026
3291,117,1026
3292,157,1026
3293,891,1026
3294,605,1026
3295,30,1026
3296,705,1026
3297,101,1026
3298,285,1026
3299,37,1026
3300,157,1026
3301,111,1026
3302,391,1026
3303,27,1026
3304,81,1026
3305,878,1026
3306,625,1026
3307,1748,1026
3308,1862,1026
3309,622,1026
3311,101,1026
3312,541,1026
3313,12,1026
3314,10,1026
3315,2055,1026
3316,1023,1026
3317,79,1026
3318,5354,1026
3319,44,1026
3320,14,1026
3321,74,1026
3322,79,1026
3323,678,1026
3324,79,1026
3325,10,1026
3326,46,1026
3327,81,1026
3328,360,1026
3329,65,1026
3330,526,1026
3331,30,1026
3332,15,1026
3333,248,1026
3334,1524,1026
3335,742,1026
3336,98,1026
3337,1953,1026
3338,116,1026
3339,34,1026
3340,17,1026
3341,80,1026
3342,715,1026
3343,4378,1026
3344,1058,1026
3345,51,1026
3346,396,1026
3347,18,1026
3348,53,1026
3349,1135,1026
3350,412,1026
3351,73,1026
3352,183,1026
3353,2243,1026
3354,1171,1026
3355,62,1026
3356,14,1026
3357,42,1026
3358,683,1026
3359,600,1026
3360,203,1026
3361,150,1026
3362,33,1026
3363,3048,1026
3364,955,1026
3365,89,1026
3366,66,1026
3367,44,1026
3368,4081,1026
3370,23,1026
3372,1627,1026
3373,138,1026
3374,68,1026
3375,712,1026
3376,22,1026
3377,58,1026
3378,842,1026
3379,79,1026
3380,399,1026
3381,276,1026
3382,79,1026
3383,134,1026
3385,28,1026
3386,24,1026
3387,41,1026
3388,147,1026
3389,50,1026
3390,77,1026
3391,83,1026
3392,88,1026
3393,631,1026
3394,1024,1026
3395,13,1026
3396,614,1026
3397,226,1026
3398,273,1026
3399,123,1026
3400,70,1026
3401,233,1026
3402,843,1026
3403,272,1026
3404,50,1026
3405,80,1026
3406,129,1026
3407,44,1026
3408,17,1026
3409,32,1026
3410,101,1026
3411,25,1026
3412,969,1026
3413,690,1026
3414,1171,1026
3415,475,1026
3416,21,1026
3417,163,1026
3418,13,1026
3419,882,1026
3420,471,1026
3421,68,1026
3422,26,1026
3423,276,1026
3424,172,1026
3425,449,1026
3426,121,1026
3427,4103,1026
3428,407,1026
3429,61,1026
3430,639,1026
3431,74,1026
3432,413,1026
3433,1261,1026
3434,98,1026
3435,19,1026
3436,37,1026
3437,32,1026
3438,62,1026
3439,948,1026
3440,675,1026
3441,167,1026
3442,11,1026
3443,43,1026
3444,763,1026
3445,543,1026
3447,81,1026
3448,21,1026
3449,669,1026
3450,906,1026
3451,11,1026
3452,941,1026
3453,14,1026
3454,59,1026
3455,998,1026
3456,289,1026
3457,518,1026
3458,89,1026
3459,1302,1026
3460,79,1026
3461,103,1026
3462,251,1026
3463,71,1026
3464,79,1026
3465,579,1026
3466,44,1026
3467,32,1026
3468,596,1026
3469,73,1026
3470,523,1026
3471,125,1026
3472,688,1026
3474,214,1026
3475,3689,1026
3476,1362,1026
3477,79,1026
3478,79,1026
3479,97,1026
3480,519,1026
3481,10,1026
3482,1312,1026
3483,60,1026
3484,111,1026
3485,104,1026
3486,1002,1026
3487,35,1026
3488,1510,1026
3489,646,1026
3490,273,1026
3491,35,1026
3492,747,1026
3493,323,1026
3494,15,1026
3495,293,1026
3496,72,1026
3497,974,1026
3498,249,1026
3499,11,1026
3500,482,1026
3501,85,1026
3502,80,1026
3503,128,1026
3504,1814,1026
3505,1487,1026
3506,75,1026
3507,153,1026
3508,80,1026
3509,11,1026
3510,326,1026
3511,455,1026
3512,59,1026
3513,78,1026
3514,10,1026
3515,520,1026
3516,23,1026
3517,4160,1026
3518,176,1026
3519,57,1026
3520,95,1026
3521,15,1026
3522,21,1026
3523,89,1026
3524,43,1026
3525,1852,1026
3526,224,1026
3527,212,1026
3528,86,1026
3529,220,1026
3530,646,1026
3531,2027,1026
3532,47,1026
3533,156,1026
3534,128,1026
3535,866,1026
3536,19,1026
3537,14,1026
3538,274,1026
3539,78,1026
3540,248,1026
3541,694,1026
3542,21,1026
3543,12,1026
3544,83,1026
3545,192,1026
3546,80,1026
3547,426,1026
3548,86,1026
3549,15,1026
3550,15,1026
3551,800,1026
3552,23,1026
3553,137,1026
3554,79,1026
3555,146,1026
3556,404,1026
3558,14,1026
3559,13,1026
3560,540,1026
3561,116,1026
3562,41,1026
3563,676,1026
3564,240,1026
3565,992,1026
3566,23,1026
3567,939,1026
3568,903,1026
3569,692,1026
3570,188,1026
3571,386,1026
3572,70,1026
3573,29,1026
3574,107,1026
3575,564,1026
3576,21,1026
3577,73,1026
3578,429,1026
3579,15,1026
3580,73,1026
3581,1926,1026
3582,14,1026
3583,682,1026
3584,899,1026
3585,1703,1026
3586,14,1026
3587,78,1026
3588,115,1026
3589,360,1026
3590,23,1026
3591,75,1026
3592,53,1026
3593,94,1026
3594,41,1026
3595,17,1026
3596,565,1026
3597,393,1026
3598,149,1026
3599,652,1026
3600,52,1026
3601,3459,1026
3602,76,1026
3603,246,1026
3604,1739,1026
3605,294,1026
3606,70,1026
3607,20,1026
3608,38,1026
3609,592,1026
3610,79,1026
3611,1745,1026
3612,927,1026
3613,64,1026
3614,561,1026
3615,478,1026
3616,1251,1026
3617,73,1026
3618,2866,1026
3619,692,1026
3620,18,1026
3621,97,1026
3622,533,1026
3623,81,1026
3624,709,1026
3625,12,1026
3626,73,1026
3627,10,1026
3628,290,1026
3629,122,1026
3630,670,1026
3631,54,1026
3632,125,1026
3633,46,1026
3634,11,1026
3635,73,1026
3636,25,1026
3637,309,1026
3638,83,1026
3639,30,1026
3640,149,1026
3641,29,1026
3642,13,1026
3643,17,1026
3644,145,1026
3645,516,1026
3646,34,1026
3647,958,1026
3648,17,1026
3649,813,1026
3650,348,1026
3651,1585,1026
3652,804,1026
3653,55,1026
3654,83,1026
3655,1027,1026
3656,62,1026
3657,668,1026
3658,269,1026
3659,935,1026
3660,80,1026
3661,101,1026
3662,80,1026
3663,270,1026
3664,200,1026
3665,143,1026
3666,108,1026
3667,165,1026
3668,90,1026
3669,52,1026
3670,13,1026
3671,81,1026
3672,121,1026
3673,235,1026
3674,85,1026
3675,13,1026
3676,770,1026
3677,1003,1026
3678,102,1026
3679,99,1026
3680,82,1026
3681,45,1026
3682,170,1026
3683,137,1026
3684,235,1026
3685,330,1026
3686,979,1026
3687,43,1026
3688,66,1026
3689,532,1026
3690,189,1026
3691,20,1026
3692,337,1026
3693,380,1026
3694,78,1026
3695,81,1026
3696,919,1026
3697,688,1026
3698,85,1026
3699,1287,1026
3700,176,1026
3701,33,1026
3702,79,1026
3703,304,1026
3704,21,1026
3705,65,1026
3706,33,1026
3707,1897,1026
3708,79,1026
3709,34,1026
3710,39,1026
3711,303,1026
3712,358,1026
3713,985,1026
3714,192,1026
3715,212,1026
3716,84,1026
3717,73,1026
3718,82,1026
3719,26,1026
3720,671,1026
3721,291,1026
3722,778,1026
3723,13,1026
3724,262,1026
3725,511,1026
3726,81,1026
3727,512,1026
3728,11,1026
3729,48,1026
3730,1211,1026
3731,1577,1026
3732,117,1026
3733,792,1026
3734,120,1026
3735,395,1026
3736,17,1026
3737,341,1026
3738,17,1026
3739,62,1026
3740,21,1026
3741,1521,1026
3742,84,1026
3743,55,1026
3744,41,1026
3745,122,1026
3746,60,1026
3747,665,1026
3748,85,1026
3749,2578,1026
3750,15,1026
3751,51,1026
3752,923,1026
3753,143,1026
3754,37,1026
3755,351,1026
3756,82,1026
3757,201,1026
3758,100,1026
3759,569,1026
3760,818,1026
3761,1306,1026
3762,14,1026
3763,59,1026
3764,553,1026
3765,244,1026
3766,507,1026
3767,84,1026
3768,97,1026
3769,388,1026
3770,13,1026
3771,472,1026
3772,847,1026
3773,247,1026
3774,17,1026
3775,895,1026
3776,1979,1026
3777,93,1026
3778,1199,1026
3779,446,1026
3780,756,1026
3781,17,1026
3782,45,1026
3783,1386,1026
3784,66,1026
3785,747,1026
3786,37,1026
3787,392,1026
3788,747,1026
3789,692,1026
3790,1135,1026
3791,32,1026
3792,1180,1026
3793,927,1026
3794,82,1026
3795,27,1026
3797,82,1026
3798,57,1026
3799,81,1026
3800,30,1026
3801,836,1026
3802,309,1026
3803,73,1026
3804,49,1026
3805,154,1026
3806,13,1026
3807,79,1026
3808,14,1026
3809,1695,1026
3810,395,1026
3811,937,1026
3812,1414,1026
3813,906,1026
3814,2615,1026
3816,19,1026
3817,794,1026
3818,54,1026
3819,665,1026
3820,1731,1026
3821,471,1026
3822,81,1026
3823,1194,1026
3824,574,1026
3825,91,1026
3826,949,1026
3827,74,1026
3828,33,1026
3829,298,1026
3830,20,1026
3831,74,1026
3832,106,1026
3833,12,1026
3834,121,1026
3835,1187,1026
3836,300,1026
3837,283,1026
3838,864,1026
3839,28,1026
3840,90,1026
3841,2577,1026
3842,60,1026
3843,1480,1026
3844,16,1026
3845,162,1026
3846,12,1026
3847,1649,1026
3848,29,1026
3849,1488,1026
3850,2615,1026
3851,573,1026
3852,929,1026
3853,19,1026
3854,21,1026
3855,510,1026
3856,81,1026
3857,226,1026
3858,80,1026
3859,1425,1026
3860,17,1026
3861,84,1026
3862,466,1026
3863,1358,1026
3864,1584,1026
3865,21,1026
3866,80,1026
3867,492,1026
3868,79,1026
3869,301,1026
3870,119,1026
3871,110,1026
3872,2778,1026
3873,85,1026
3874,1171,1026
3875,2230,1026
3876,23,1026
3877,24,1026
3878,621,1026
3879,307,1026
3880,131,1026
3881,176,1026
3882,65,1026
3883,19,1026
3884,43,1026
3885,1403,1026
3886,31,1026
3887,29,1026
3888,338,1026
3889,577,1026
3890,30,1026
3891,13,1026
3892,35,1026
3893,612,1026
3894,96,1026
3895,127,1026
3896,79,1026
3897,155,1026
3898,448,1026
3899,134,1026
3900,168,1026
3901,526,1026
3902,397,1026
3903,13,1026
3904,559,1026
3905,79,1026
3906,11,1026
3907,62,1026
3908,82,1026
3909,47,1026
3910,209,1026
3911,92,1026
3912,80,1026
3913,349,1026
3914,468,1026
3915,1976,1026
3916,717,1026
3917,711,1026
3918,93,1026
3919,83,1026
3920,522,1026
3921,182,1026
3922,266,1026
3923,59,1026
3924,84,1026
3925,48,1026
3926,2408,1026
3927,76,1026
3928,1239,1026
3929,22,1026
3930,95,1026
3931,811,1026
3932,64,1026
3933,5013,1026
3934,483,1026
3935,83,1026
3936,96,1026
3937,27,1026
3938,103,1026
3939,79,1026
3940,84,1026
3941,48,1026
3942,746,1026
3943,180,1026
3944,1597,1026
3945,1829,1026
3947,1086,1026
3948,15,1026
3949,406,1026
3950,542,1026
3951,1443,1026
3952,31,1026
3953,74,1026
3954,62,1026
3955,62,1026
3956,91,1026
3957,143,1026
3958,27,1026
3959,211,1026
3960,583,1026
3961,22,1026
3962,81,1026
3963,283,1026
3964,68,1026
3965,862,1026
3966,769,1026
3967,3490,1026
3968,3058,1026
3969,340,1026
3970,48,1026
3971,536,1026
3972,3133,1026
3973,70,1026
3974,513,1026
3975,14,1026
3976,224,1026
3977,192,1026
3978,455,1026
3979,388,1026
3980,737,1026
3981,706,1026
3982,344,1026
3983,22,1026
3984,52,1026
3985,1257,1026
3986,74,1026
3987,462,1026
3988,75,1026
3989,79,1026
3990,10,1026
3991,5188,1026
3992,118,1026
3993,138,1026
3994,47,1026
3995,73,1026
3996,89,1026
3997,3356,1026
3998,19,1026
3999,614,1026
4000,1236,1026
4001,14,1026
4002,31,1026
4003,74,1026
4004,145,1026
4005,551,1026
4006,785,1026
4007,18,1026
4008,594,1026
4009,2570,1026
4010,27,1026
4011,62,1026
4012,726,1026
4013,1352,1026
4014,73,1026
4015,1490,1026
4016,469,1026
4017,969,1026
4018,10,1026
4019,810,1026
4020,2585,1026
4021,350,1026
4022,40,1026
4023,83,1026
4024,2872,1026
4025,79,1026
4026,1159,1026
4027,270,1026
4028,886,1026
4029,156,1026
4030,74,1026
4031,65,1026
4032,99,1026
4033,97,1026
4034,344,1026
4035,12,1026
4036,14,1026
4037,297,1026
4038,373,1026
4039,987,1026
4040,156,1026
4041,894,1026
4042,202,1026
4043,72,1026
4044,177,1026
4045,4332,1026
4046,532,1026
4047,79,1026
4048,1174,1026
4049,479,1026
4050,613,1026
4051,429,1026
4052,146,1026
4053,102,1026
4054,62,1026
4055,122,1026
4056,133,1026
4057,622,1026
4058,569,1026
4059,64,1026
4060,53,1026
4061,100,1026
4062,166,1026
4063,20,1026
4064,1292,1026
4065,80,1026
4066,62,1026
4067,25,1026
4068,81,1026
4069,79,1026
4070,14,1026
4071,889,1026
4072,80,1026
4073,18,1026
4074,121,1026
4075,3650,1026
4076,525,1026
4077,748,1026
4078,789,1026
4079,664,1026
4080,411,1026
4081,102,1026
4082,114,1026
4083,39,1026
4084,662,1026
4085,101,1026
4086,24,1026
4087,79,1026
4088,1116,1026
4089,82,1026
4090,337,1026
4091,890,1026
4092,80,1026
4093,81,1026
4094,101,1026
4095,15,1026
4096,399,1026
4097,73,1026
4098,23,1026
4099,13,1026
4100,625,1026
4101,1070,1026
4102,342,1026
4103,139,1026
4104,74,1026
4105,151,1026
4106,12,1026
4107,22,1026
4108,290,1026
4109,80,1026
4110,35,1026
4111,454,1026
4112,79,1026
4113,940,1026
4114,1100,1026
4115,2869,1026
4116,85,1026
4117,99,1026
4118,50,1026
4119,1103,1026
4120,376,1026
4121,23,1026
4122,1426,1026
4123,106,1026
4124,1631,1026
4125,65,1026
4126,576,1026
4127,84,1026
4128,37,1026
4129,42,1026
4130,11,1026
4131,25,1026
4134,3751,1777
4135,32769,10
4136,600,20001
4137,1150,100001
4138,2886305,2401
4139,19254100,2331
4140,120720,769
4153,180,68
4154,14240,31
4329,470,17
4340,383,6
4353,1030,9
4531,5875,22
4532,98050,29
4533,65554,29
4534,11055,31
4535,299285,42
4537,9901,20
4538,9873,33
4540,1039,29
4541,101766,50
4544,1059,118
4545,39644,61
4546,44940,16
4548,28179,97
4549,583250,78
4551,5000,22
4552,5665,17
4553,5820,33
4562,10168,72
4563,178526,13
5587,7619400,6
5648,7619400,6
5889,7619400,6
6331,105471,771
6332,540,40
23380,2796,35
23381,500,13
23383,127591,27
23394,761940,6
23395,89640,6
23396,89640,6
23397,761940,6
23420,181,4
23499,277,10
23512,98050,29
23513,191260,479
23515,10081,7
23516,2394,8
23517,96320,22
40474,2800,27
40475,2800,27
40476,2800,27
40477,2800,27
40478,2800,27
40496,500,8
40497,3772,22
40498,4898,12
40499,5500,41
40505,86,10
40514,1000000,21
40515,1000000,58
40516,1000000,65
40517,399940,1001
40518,1000000,35
40519,1000000,20
40520,1000000,39
40536,8378,123
40588,645,279
40589,593,78
40590,1702,1054
40591,662,1213
40592,2000,140
40593,1460,1079
40594,2000,250
40595,2407,300
40596,3782,1101
40597,2417,117
40601,333,3
40645,1600,1001
40646,1600,21
40647,1600,21
40648,1600,21
40649,1600,21
40650,1600,21
40660,42,12
40663,399,33
40664,1728,22
40665,476,169
40666,6598,169
40668,67557,43
40669,160,7
40670,3186,181
40671,327,8
40672,100968,30
40677,3200,25
40678,3200,8
40680,1324,11
40681,128,7
40682,215,6
40683,88,9
40685,58000,10
40686,315,13
40687,1066,13
40690,512,10
40691,1599,12
40693,973,10
40700,392,8
40701,5000,21
40702,1066,11
40704,2201,4
40705,959,45
40706,1124,11
40707,3772,30
40708,3772,30
40709,60,4
40710,303,14
40711,303,8
40713,3772,30
40714,32,6
40753,5465575,15
40869,944,17
40910,3686,401
40916,158,12
40922,88588,7
40923,92000,1025
40926,20000,3073
40927,60000,3073
40945,1309,14
40966,1080,82
40971,1000,24
40975,1728,7
40976,4435,11
40978,3279,1559
40979,2000,241
40981,690,15
40982,1941,28
40983,4839,6
40984,2310,20
40985,45781,4
40992,14395,217
40993,4562,49
40994,540,21
40996,70000,785
40997,4704,47
40998,4704,47
40999,2351,47
41000,4704,47
41001,44819,47
41002,5880,47
41003,5880,47
41004,4704,47
41005,3660,47
41006,5880,47
41007,2352,47
41021,1232,15
41022,5125,27
41026,7000,5001
41027,44819,7
